90813.4,91188,89641.84,90548.02
90548.02,90917.22,89777.25,90226.77
90226.77,90847.52,89311,90781.57
90781.57,91469,90312.89,90937.41
90937.42,91493,90568.11,91099.99
91100,91632.1,90850,91220.23
91220.24,91236.72,90738.34,90741.84
90741.85,90843.77,89694.66,90463.11
90463.12,92082.55,89850,91176.47
91176.48,91783.32,90190,90332.15
90332.14,90732.01,90113.87,90641.28
90641.27,90782.23,90527.99,90626.14
90626.15,90682.7,90408.23,90678.5
90678.5,90832,90618.28,90723.86
90723.87,90788.78,90538.46,90665.75
90665.76,90746,90504.55,90626.54
90626.54,90659.03,90404,90504.7
90504.7,90737.95,90451.1,90733.5
90733.49,90850,90585.34,90710.79
90710.8,90816,90610.27,90754.99
90754.99,91191.5,90708.25,90875.79
90875.79,91283.89,90673.3,90690.8
90690.81,91041.79,90236,91013.65
91013.66,92519.95,90700.29,91808.12
91808.12,92290.81,91381.36,91408.09
91408.09,91630.13,90370,90620.96
90620.95,91665,90128.44,91665
91664.99,92332,91000.53,91861.27
91861.27,92046.23,90938.2,91296.2
91296.2,91546.08,91042.66,91408.91
91408.9,92275.38,91350.71,91942
91941.99,92672.11,91924.27,92000.74
92000.73,93450,91787.61,93449.99
93449.99,94231.82,93078.31,94226.84
94226.85,96495,94062,95414
95413.99,95722.01,95116.03,95720.99
95720.99,95799.22,94559.28,95205.1
95205.11,95315.15,94737.95,94792.99
94793,97084.68,94680.67,96764.57
96764.57,97777,96246.56,97267.42
97267.42,97924.49,96772.02,96951.78
96951.78,97000,95777,95985.1
95985.11,96760.15,95952.89,96630.48
96630.47,97193.34,96289.98,96581.08
96581.07,97165.03,95435.91,96737.04
96737.04,97163,95183.13,95516.01
95516.01,95871,95134.48,95604.8
95604.81,95855.12,95321.58,95354.69
95354.69,95816.83,95133.03,95653.16
95653.16,95871.47,95261.43,95429.09
95429.09,95809.08,94293.46,94585.98
94585.99,95215.74,94508,95002.09
95002.09,95600,94682,95550.94
95550.94,95578.2,95200,95372.95
95372.94,95373.64,95041.7,95101.67
95101.67,95323.86,95021.67,95323.86
95323.85,95639.45,95198.81,95573.64
95573.65,95576.14,95212.25,95291.38
95291.37,95412.86,95050,95147.77
95147.77,95250,94876.33,95200.29
95200.29,95260,95028.27,95028.27
95028.27,95295.39,95021.44,95168.06
95168.06,95376.24,94910,95119.28
95119.27,95521.71,95073.02,95380.99
95380.99,95531.12,93615.4,93673.14
93673.14,93673.14,91910.2,92690.09
92690.08,92861.41,92385.07,92841.62
92841.62,93368.44,92702.56,93191.96
93191.96,93226.44,92700,93068.62
93068.62,93420,92930,93105.85
93105.85,93342.36,92158.48,92631
92630.99,92870,92264.7,92434.92
92434.93,92470.37,90771.78,91177.98
91177.99,91442.88,90693,91218.99
91218.99,91371.11,89859.06,90684.95
90684.95,90974.49,89292.48,89725.76
89725.77,89854.2,87895.98,88427.66
88427.66,89598.8,88250,89432.33
89432.33,90120.44,89093.28,89213.95
89213.96,89493.46,88700,88789.99
88789.99,90574,88196.72,90288.04
90288.04,90450,87263.53,90355.56
90355.56,90377,89344.98,89454.73
89454.73,90359.99,89454.72,89899.51
89899.51,90215.79,89802,89818.79
89818.79,90150,89760,89941.26
89941.26,90340,88515.37,89000.01
89000,89924.46,88676.95,89777.9
89777.89,89946.13,89140.13,89559.67
89559.68,89979.97,89450.48,89924.78
89924.78,90088.94,89400,89549.45
89549.45,89632.18,88860.44,89202.48
89202.47,89865.53,88578.36,89761.61
89761.61,91224.99,89489,89982.79
89982.79,90156.06,89200.68,89600.26
89600.26,89957.39,89424.39,89770.02
89770.03,89853.38,89572.81,89620.1
89620.11,89686.43,89577.97,89595.4
89595.41,89595.41,89171.75,89275.77
89275.77,89461.4,89162.08,89331.36
89331.36,89489.84,89215.59,89225.34
89225.34,89319.13,88838.72,88960.35
88960.36,89090.13,88635.84,88659.99
88659.99,88760,88136,88570.17
88570.17,88971.89,88340.75,88446.5
88446.51,88448.85,86194.85,86495.16
86495.17,87013.79,86074.72,86670.36
86670.36,87973.11,86509.63,87282.05
87282.04,88074.48,87244.27,88000.64
88000.64,88424.45,87600.69,87855
87855.01,88860,87325.03,87641.41
87641.41,88537.95,87035.51,88013.19
88013.19,88659.09,87542.05,88347.08
88347.08,88898,88194.82,88788
88787.99,89010,88278.03,88320.41
88320.41,88397.85,87743.52,87992.74
87992.74,88474.23,87578.67,88047.46
88047.46,88819.89,87304.33,88408.77
88408.78,89523.16,88373.49,89250
89249.99,89497.96,88985,89126.67
89126.68,89400,88840,89134.35
89134.35,90156.72,88833.65,90080
90079.99,90488,88904.61,89479.66
89479.66,90600,89006.36,89402.58
89402.57,89896,88878.01,89299.99
89300,89348,87704,88053.71
88053.71,88430.05,87901.23,88352.97
88352.96,88500,87750.01,87846.5
87846.5,88182.29,84366.56,84934.02
84934.02,85638.3,83383.33,84012.11
84012.11,84737.69,83824.9,84650.16
84650.16,84735.75,81118,82676.43
82676.42,83332.2,82056.08,82816.98
82816.98,83314.85,82160,83151.36
83151.36,83797.99,82382.01,82883.94
82882.84,84621.16,81871.37,84242.99
84243,84523.11,83539.2,84260.49
84260.5,84270.02,83815.02,84022.69
84022.7,84146.22,83404.67,83546.81
83546.82,83629.08,82560.75,83020
83020,83140,80825.76,81302.15
81302.16,82200,75719.9,77750.01
77750.01,79240,77092.34,78741.09
78741.1,79424,78284,78868.28
78868.29,79119.3,77967.69,78343
78343,79220.72,78148.1,78743.56
78743.57,78768.68,76761.98,77593.4
77593.4,78443.1,77000.01,77174.78
77174.77,77779.63,75700,76968.21
76968.22,78231.26,74604,76292.98
76292.98,76958,74911.14,76660.79
76660.78,77970.62,76628.28,77759.99
77760,79360,77564.62,78850.06
78850.06,79288.28,78283.27,78341.5
78341.5,78962.78,77888,78738.61
78738.6,79186.81,77644.09,78753.32
78753.32,78999.99,77950,78794.67
78794.67,79084.29,77950,78079.5
78079.5,78458.89,77055.54,78132.33
78132.34,78134.53,72945.5,74935
74935,76960,74586.54,75770.21
75770.21,76971.52,75467.22,76698.17
76698.17,76830.69,76105.3,76514.3
76514.3,76607.69,75666,76017.25
76017.25,76260.85,73794.11,74136.36
74136.48,74249.83,72169,73923.29
73923.3,74144,71888,73165.83
73165.84,73341.18,71152.78,71223.25
71223.25,71622.82,70140,70756.85
70756.86,71978.58,69922,70318.35
70318.35,70872.04,66720.15,67489.07
67489.08,68681.81,65200,65265.65
65265.66,65700,62345,62909.86
62909.87,66010,60000,64168.33
64168.33,66826.5,63914.62,64856
64856,66755.13,64500,66631.32
66631.32,69192,66114.49,68626
68625.99,71500,68428.19,70731.46
70731.45,71751.33,69837.35,70580.26
70580.26,70928.75,69718,70918.99
70918.99,71690.07,67300,68087.14
68087.13,68790,67582.48,67972.65
67972.65,69999.99,67901.89,69151.5
69151.5,69898,68531.5,69373.61
69373.61,69728.83,68787.34,69289.38
69289.37,69696.57,68888,69099.99
69100,69719.07,68952.01,69710.69
69710.69,71220,69514.15,70999.98
70999.99,71554.95,70707.39,71188.99
71188.99,71538.05,70251.33,71422.97
71422.96,72271.41,70000,70330.38
70330.38,71453.53,70068.18,71307.56
71307.56,71359.37,70311.7,70422.59
70422.59,70608.83,68420.58,68928.72
68928.71,69884.82,68308,69563.37
69563.37,71075.31,69100,70957.01
70957.01,71126,69823.52,70138
70138,70527.59,69208.61,69511.83
69511.83,69906.5,68682,68919.66
68919.66,69417.7,68459.89,68535.01
68535.02,69591.2,67800,69293.37
69293.37,69993.65,68604.63,69062.01
69062,69136.91,68362,68841.29
68841.28,69292.88,68011.11,68187.99
68188,68325,66557.99,67032.72
67032.71,67134.42,66369.49,67053.03
67053.03,68834.34,65756,66519.73
66519.72,67860.44,65876,67586.67
67586.66,68369.77,66787.7,67082.52
67082.52,68047.48,67055.53,67580.99
67581,67682.69,66670.45,67217.72
67217.71,68299,66891.6,68076.01
68076.01,68410.52,67014.98,67134.74
67134.74,67232.04,65118,65788.36
65788.36,66488.9,65215.06,66272.17
66272.17,66814,65872.46,66553.08
66553.09,66671.62,66002.98,66208.96
66208.96,67226.66,66191.52,67171.42
67171.41,69309.8,66867.47,68692.12
68692.12,69482.97,68540.83,68938.91
68938.91,69079.4,68683.32,68853.96
68853.97,69137.5,68768.56,68981.99
68982,69343,68730.13,69219.26
69219.27,70560.01,69218.71,70505.74
70505.74,70533.67,69064.6,69778.28
69778.28,69930.9,69283.02,69873.99
69873.99,70250.46,69668.05,69822.95
69822.94,69990.02,69251.5,69954.5
69954.5,70926.42,69459.35,70828.42
70828.43,70983,70182.31,70295.22
70295.22,70418.48,68772.2,69099.99
69100,69100,68000,68286.63
68286.64,69078.49,68120,68832.58
68832.59,69065.5,68143.22,68424.82
68424.82,68900,68228.76,68587.9
68587.89,69060.77,68338.9,68812.83
68812.84,70126.67,67294.11,67539.52
67539.53,68245.34,67513.94,67913.43
67913.44,68978.88,67827.11,68892.43
68892.43,69241.5,68387.2,68474.9
68474.9,68707.49,67892,68388.12
68388.12,68479.17,67690,67854.6
67854.6,68360.5,66621.06,67392.05
67392.06,68235.39,66881.08,67793.32
67793.32,67928.08,67394,67503.52
67503.52,67705.65,66892.03,67629.11
67629.1,68219.81,67500.1,68106.44
68106.44,68476.22,67076.9,67369.75
67369.75,68347.72,66717.3,67694.01
67694.01,67706.94,65870,66177.14
66177.15,66550,66053.6,66461
66461,66997.07,66345,66980.91
66980.91,67320,66679.76,67206.45
67206.45,67206.45,66478.02,66496.02
66496.03,66755.39,65631.83,66398
66398.01,67198.1,65899.25,67050
67050,67168.86,66652.34,67003.73
67003.73,67488.67,66949.41,67366.25
67366.25,68006,67115.38,67825.91
67825.91,68318.39,67280.6,67318.41
67318.41,68083.98,66280.2,67582.95
67582.95,68000,66952.11,67646.03
67646.03,68233.99,67520.3,68020.01
68020,68099.54,67534.69,67667.77
67667.77,67924.39,67593.99,67856.01
67856.01,68314.54,67807.3,68092.45
68092.45,68698.7,67915,68615
68615.01,68658.5,68101.78,68543.51
68543.51,68605.63,67900,67975.93
67975.93,68222.16,67809.78,68041.43
68041.42,68178.79,67881.81,68005.3
68005.3,68245,67912.02,68219.97
68219.97,68232.4,67303.5,67684.14
67684.15,67718.13,67190,67428.32
67428.32,67751.44,67350,67643.4
67643.39,67684.86,64290.71,64934.17
64934.18,66015.22,64685.64,65958.94
65958.94,66600,65565.78,66207.23
66207.23,66511.51,65529.73,65660.1
65660.1,65724.28,64048.71,64295.1
64295.11,65035.98,63888.79,64656.02
64656.01,65026.75,63342.9,63595.51
63595.51,63628.52,62700.8,63192.96
63192.79,63444.66,62908.92,63227.1
63227.11,64031.76,62510.28,63973.97
63973.98,64743.11,63689.54,64435.03
64435.03,64591.99,63820.5,64058.15
64058.15,66310,63913.27,65391.73
65391.74,65650,64755.26,65028.3
65028.3,65692.62,64955.79,65430.04
65430.04,67578,65324.62,67412.33
67412.32,69550,67404,69038.26
69038.26,69988.83,67600,67988.04
67988.04,68700,67727.52,68216.86
68216.87,68860,67817.87,67825.04
67825.05,68722.64,67792,68051.31
68051.3,68303.83,66761.16,67382
67382,67903.12,66500,67589.22
67589.21,67831.11,67150.14,67485.18
67485.19,67712.16,66885,67600.84
67600.84,68216.8,67459.3,67690.6
67690.6,68149.93,65960.01,66126.99
66126.99,66344.9,65649.34,66095.4
66095.4,66121.03,65113.72,65392.18
65392.18,65953.2,64914.46,65872.1
65872.09,66025.52,65721.13,65797.42
65797.42,65818.44,63030,63826
63825.99,64307.44,63372.1,63844.2
63844.2,65360.51,63827.2,64841.18
64841.17,66666.65,64681.81,66362.01
66362.01,67760,66190.61,66973.26
66973.26,68199.99,66042.72,67502.16
67502.16,67612.14,66749.35,67141.39
67141.4,67292.3,66215.71,66468.03
66468.04,67360.57,66132.27,66842.42
66842.42,67112.37,65699.98,65962.17
65962.16,66491.43,65056,65776.47
65776.48,67079,65761.04,66820.03
66820.03,66995.64,65542.6,66007.52
66007.8,66720.84,65654.54,66359.68
66359.67,69617.74,65259.21,69130.2
69130.2,70096,68576.18,68966.53
68966.52,69539.77,68584.9,68830.06
68830.06,69258.08,68210.71,68377.94
68377.94,68617.42,67800,68172.8
68172.79,68311.83,66340.14,67026.61
67026.6,67973.2,66158,67725.81
67725.82,68999,67473.09,68435
68435,68860,67832.3,68338
68338.01,68909.34,67400,67732.2
67732.19,69668,67467.6,69493.13
69493.14,71893,69098.91,71111.4
71111.4,73479.75,70588,73396.88
73396.87,74050,72541.69,73611.1
73611.67,73716,72313.04,72666.77
72666.77,73306.82,72336.76,72497.89
72497.89,73081.08,71759.95,72055.5
72055.5,73558.15,71757.17,72915.79
72915.8,73063.38,71168.65,71652.77
71652.77,71654.65,70645.47,70918.07
70918.08,71572.3,70777,70890.72
70891.02,71419.98,70344.03,71080.38
71080.37,71192.76,70143.19,71056.44
71056.44,71067.58,70184.01,70212.95
70212.94,70341.76,68176.47,68504.71
68504.71,68795.44,67744.78,68131.79
68131.79,68440.92,67777,68114.02
68114.02,68551.04,68060.6,68095.5
68095.5,68147.73,67446.41,67842.67
67842.67,68232.27,67720.98,68010.01
68010,68085.41,67609.44,67877.45
67877.45,67935.01,66915.26,67080.34
67080.33,67483.05,67068.01,67262.91
67262.91,67481.96,66833.58,67000.26
67000.26,67465.11,66547.15,67319.91
67319.9,68200,67156.93,67515
67515,67650.94,66761.68,67218.23
67218.23,67485.24,66745.54,67337.42
67337.41,67609.08,65618.49,65971.2
65971.2,67668.64,65821.97,67205.05
67205.06,68069.29,66853.48,67555.13
67555.13,68460.09,67344.45,67764.98
67764.99,69480,67759.57,68863.66
68863.67,69516.65,68179.12,68991.93
68991.93,69145.28,68384.69,68432.16
68432.16,70578.29,68391.41,69429.85
69429.85,70546.74,69429.85,70406.01
70406.01,71300,70369,70580.94
70580.95,71777,69266.06,71346.16
71346.17,71700,69739,70043.63
70043.63,70417.3,69452.42,69948.63
69948.64,70173.25,69488.7,69551.91
69551.91,70281.87,69420,69648.29
69648.28,69786.32,69150.28,69173
69172.99,71091.18,68977.91,70227.91
70227.92,71321,70161.78,70641.82
70641.81,70950,70125.83,70191.86
70191.86,70353.87,69226.52,69446.61
69446.61,69865.98,69205.91,69826.19
69826.19,70800,69580,70427.91
70427.9,70660.69,69355.34,70334.88
70334.89,70569.15,69770.85,70432.32
70432.33,70734.25,70013.17,70541.34
70541.34,72000,70386.01,71405.75
71405.76,71672.76,71180.19,71612.22
71612.23,72575.98,71385.28,72228.82
72228.81,73913.74,71736.34,71831.46
71831.46,72249.99,70841.23,71189.95
71189.96,71491.03,70559.02,70930
70930.01,71185.23,70481.7,71081.3
71081.31,71307.92,70317,70596.68
70596.68,70784.38,70389.08,70751.42
70751.42,70941.17,70501,70580.09
70580.09,70740.34,70500,70700
70699.99,71253.17,70650.09,71211.95
71211.95,71634.08,70858.82,71363.14
71363.13,71800.68,71330.66,71453.59
71453.59,71940.49,71453.59,71839.42
71839.41,71839.42,71263.99,71481.24
71481.24,71989.93,71320.08,71549.94
71549.94,73199,71433.75,72815.24
72815.25,74330.34,72270.41,73573.32
73573.31,74451.03,73385.18,73456.68
73456.69,73838.76,72888.8,73552.77
73552.78,74509.52,72990.52,73274.76
73274.75,74418.6,73160.66,73963
73963,74909.08,73863.2,74884.67
74884.67,76000,74268.73,74463.98
74463.98,74712.89,73784,74249.32
74249.32,74452.97,73560.98,74033.11
74033.1,74893.94,73399.19,73914.39
73914.4,74800,73855.24,74512.17
74511.21,74799,73871.74,73909.36
73909.37,74672.34,73535.36,74446.14
74446.14,74486.3,73700.01,73883.8
73883.8,74281.33,72800,72952.85
72952.85,72981.79,70857.21,71467.82
71467.82,72000.5,70933.85,71072.38
71072.38,71451.22,70500,71246.54
71246.55,71613.79,70902.37,71215.39
71215.39,71215.39,69478.51,70191.17
70191.16,70560.91,69900,69952.75
69952.75,70179.53,68793.35,69412.51
69412.52,70596.42,69122.03,70271.99
70272,70695.6,69718.23,69930
69930.01,70809.43,69837.1,70729.92
70729.93,70969.71,70160.06,70854.66
70854.66,71367,70218.68,70478.71
70478.71,70685.63,69480,69860.09
69860.09,70190.18,69388,70177.86
70177.85,70923.75,69754.71,70510.73
70510.73,70826,70431.67,70657.35
70657.35,70879.76,70617.05,70727.33
70727.33,70753.79,70492.02,70652.72
70652.73,71100.94,70453.09,70630.02
70630.02,70652.64,70210,70396
70396.01,70516.82,68571.42,68918.12
68918.12,69588.79,68228.5,69339.99
69340,69526.85,68892.93,68919.38
68919.37,68990.67,68110.55,68217.95
68217.94,69005.71,68199.04,68847.96
68847.97,68885.53,68145.01,68199.93
68199.93,68498.4,67360.66,67859
67859,68585.12,67445.18,68074.6
68074.6,68915.4,67502.48,68333.16
68333.16,71499,67916.14,70122.15
70122.15,71817.09,69671.95,70131.48
70131.48,71246.01,70131.47,70679.05
70679.04,70998,70404.39,70906.45
70906.45,71099.96,70278.46,70542.9
70542.9,71400,70119.06,71291.7
71291.7,71368.61,70850.11,71157.77
71157.77,71177.66,69507.34,69873.04
69873.04,70001.92,68923.07,69377.33
69377.33,70832.54,69296.15,70556.74
70556.74,71100.28,70408,70716.7
70716.7,71345,70703.83,70926.88
70926.88,72026.09,70800,71678.97
71678.97,71963.71,70530.47,70832.99
70832.99,71752.88,70681.07,70883.31
70883.32,71594.11,70646.34,71336.53
71336.53,71436.82,70672.37,70921.47
70921.47,70921.47,69805,70087.44
70087.44,70144.44,69192.96,69276.01
69276.01,69877.45,68632.4,69082.64
69082.64,69162,68153,68534.36
68534.37,69478.42,68436.74,68820.31
68820.31,69179.05,68531.37,68767.51
68767.5,68955.53,68304.14,68540.48
68540.49,68635.07,66231.96,66702.78
66702.78,66773.25,65730.17,66112.82
66112.82,66290,65548.25,66040.66
66040.65,66420.75,65817.44,66407.28
66407.28,66520.46,65932.09,66240
66240,66573.61,66110,66561.48
66561.49,66570.09,66124.4,66319.47
66319.46,67288.94,66240.87,67014.91
67014.92,67096.77,66704,66916.52
66916.52,67010,66283.38,66377.03
66377.04,67130.5,66281.4,66912
66912,66936.6,66556.78,66671
66671,66988.01,66418,66816.28
66816.29,66875.24,66334.37,66523
66523.01,66665.05,66158.26,66348.62
66348.61,66793.83,65000,66010.93
66010.93,67450,65800.59,67173.8
67173.8,67800,67167.92,67624.39
67624.39,68042.3,67360.41,67680.45
67680.44,68169.65,67088.73,67629.4
67629.4,67641.65,66233.13,66550.05
66550.06,66994.17,66419.79,66797.37
66797.38,68408.37,66544.51,67704.74
67704.74,67979.38,67103.32,67367.69
67367.7,67496,65998.05,66685.69
66685.69,67767.87,66427.53,66736.8
66736.79,68589.49,66729.28,67838.8
67838.79,68410.3,67831.7,68284.48
68284.49,68378.64,67578.75,68170.67
68170.67,69310,68005.33,68692
68692,68851.35,68389.21,68712.52
68712.52,68965,67918.83,68918.52
68918.52,69171.77,67939.28,68176.84
68176.84,68534,67964.48,68113.92
68113.92,68653.38,66500,66576.25
66576.25,66961.26,66217.07,66930.79
66930.79,66930.79,66167.1,66220.28
66220.28,67104.86,65712.12,66852.91
66852.91,67430.99,66596.8,66975.99
66976,67100,66731.08,66901.99
66901.99,67000,66282,66579.97
66579.98,67247.38,66416.68,67042.08
67042.08,67288,66674.72,67017.44
67017.43,67370.42,66508.1,66827.15
66827.15,67069,66751.86,66885.74
66885.73,66970.18,66826.13,66964.3
66964.29,66968.28,66814,66832.18
66832.18,67052.99,66775.91,67014.96
67014.95,67232.72,66918,67156.93
67156.93,67562.93,67029.07,67383.66
67383.66,67543.6,67265,67288.42
67288.42,67504.54,67186.62,67300.42
67300.42,67307.28,66955.72,67145.98
67145.98,67188.51,66611.66,66820.64
66820.64,67150,66819.42,66999
66998.99,67856.16,66680.57,67306.64
67306.65,67560.45,67173.4,67361.01
67361.01,69136.2,67332.66,69034.18
69034.18,69588,68776.61,69123.69
69123.69,69354.26,68806.53,69115.91
69115.91,70283.32,69081.88,69614.91
69614.91,69973.25,69163.86,69968.87
69968.87,70351.46,69282.02,69739.53
69739.52,69974.08,68300,68853.66
68853.66,69128.2,68273.34,68779.21
68779.2,68981.83,68443,68624.61
68624.6,69247.9,68071.96,68345.75
68345.75,68633.87,67732.01,68168.1
68168.11,69098.44,68085.01,69011.29
69011.29,72761,69011.29,71924.22
71924.22,72110.65,71240.99,71287.39
71287.39,71941.42,71287.38,71627.59
71627.59,71955,71407.77,71675.12
71675.12,72857,70707.23,71310
71309.99,71963.94,71019,71318.48
71318.47,71748,70901.89,71069.93
71069.93,71198.8,70466,70992.39
70992.37,71116,70689.38,70982.01
70982.01,71575,70865.42,71150.17
71150.17,72358,70522.77,72141.99
72142,72550,71729.66,72096.32
72096.33,73145,71585.25,71787.97
71787.98,72387,71573.35,71868.67
71868.67,72267.89,71428,71481.85
71481.85,72261.93,71426.15,72127.59
72127.59,73289.96,71899.51,72460.51
72460.52,73264.76,72387.41,73236.11
73236.11,73434,72700.6,72962.7
72962.71,73094.89,72670,72866.63
72866.62,72954.28,72612.16,72745.38
72745.38,72915.95,72617.75,72907.05
72907.05,72982.4,72513.09,72858.17
72858.18,73790,72812.94,73687.15
73687.16,73689.97,72907.4,73043.16
73043.16,73137.24,71310,71593.19
71593.18,71781,71417.22,71665
71664.99,71805.85,71357.76,71468.55
71468.54,71500,70604.07,70892.03
70892.04,71222.58,70821.05,71084.18
71084.18,71452,70505.88,70740.98
70741.56,71271.78,70615.3,70976
70975.99,71144,70672.72,70813.88
70813.88,70997.12,70566.99,70929.68
70929.68,72464.28,70758.5,71866.59
71866.59,73480,71679.8,73322.82
73322,74900,73007.08,74417.99
74418,74579.32,73954.86,74444.43
74444.44,74924.64,74150.6,74546
74545.99,74910,74307.35,74376.52
74376.52,76038,74277.19,75317.07
75317.06,75688,73795.47,74223.18
74223.3,74434.33,73806.09,74131.55
74131.55,74786.72,74126.32,74345.97
74345.98,74434.51,73514,73730.43
73730.43,74256.44,73675.96,74201.78
74201.78,74506.84,73580.85,73844.08
73844.07,75281,73762.89,75002.6
75002.6,75425,74512.06,74809.99
74809.99,75267.85,74451.49,74888.21
74888.21,75174.38,74636,74707.03
74707.02,74901.5,74277.34,74574.79
74574.8,75030.39,73309.85,74697.19
74697.2,75410.71,73912.23,75342.99
75343,75534.76,74789.5,75154.29
75154.28,75154.77,74529.4,74615.82
74615.82,75089.51,74555.12,75074.77
75074.76,76370.25,74993.24,75589.7
75589.7,78052.49,75531.97,77785.02
77785.03,78333,77000,77393.58
77393.58,77611.68,76911,77072
77072.01,77420.08,76962.67,77005.47
77005.47,77278.58,76884.1,76997.8
76997.79,77048,75763.76,76039.05
76039.06,76363.75,75797.53,76167.34
76167.33,76211.57,75445.16,75649.85
75649.86,75891.64,75599.64,75691.76
75691.76,75847.42,75357,75515.77
75515.76,75782.63,74867.72,75252.34
75252.33,75641.99,74921.74,75604.11
75604.11,76240.66,75401.44,75846.63
75846.63,75853.26,74608,74965.47
74965.46,74965.47,73762.9,73801.79
73801.8,74746.93,73724.31,74634
74634.01,75572,74095.18,74837.17
74837.18,75404.63,74619.41,75192.71
75192.72,75772.72,74702,75716.77
75716.78,76486.67,75289.92,76296.96
76296.97,76558.62,75617.6,75840.97
75840.97,76263.4,75474.77,75710.3
75710.31,76300,75600,76084.34
76084.34,76927.57,76063.98,76452.94
76452.94,76595.3,75430.62,75834.65
75834.66,76190.72,74821.57,75023.43
75023.43,76425.37,74967.58,76336.15
76336.14,77733.11,76132.95,77521.48
77521.47,78452.18,77364.25,78012.79
78012.78,78399,77941.59,78300
78300,79400,78114.04,79272.9
79272.91,79472.82,78632.37,78846.62
78846.62,78915.84,78155.83,78178.23
78178.22,78574.44,77453.43,77746.46
77746.47,78339.35,77675.8,78048.62
78048.61,78175.52,77174.01,77704.62
77704.61,78662.5,77379.92,78376.76
78376.77,78509.82,76960,77727.26
77727.25,78331,77637.5,78257.48
78257.48,78581.93,77555,77737.85
77737.84,78057.65,77457,77644.6
77644.59,78372.58,77402.01,78240.26
78240.27,78479.37,77577.22,78038.62
78038.63,78060.29,77363.63,77628.85
77628.84,77757.14,77264.08,77437.13
77437.13,77711.87,77309.92,77679.07
77679.08,77691.23,77450,77501.19
77501.19,77885.35,77491.36,77682.3
77682.29,77752.54,77299.89,77330.26
77330.25,77454.31,77140.23,77330.01
77330,77650,77311.05,77625
77625,77642.43,77326.51,77400.21
77400.21,78200,77383.46,78102.53
78102.53,78210,77926.59,78101.44
78101.43,78173.15,77770,78049
78049,78500,77850,78221.16
78221.17,78961,77843.75,78657.55
78657.55,79485.66,78400.03,79105.49
79105.5,79160,77465.05,77606.6
77606.59,77980,77553.23,77844.26
77844.25,78265.34,76564.33,76793.09
76793.1,76990.43,76459.64,76878.07
76878.23,77450,76763.71,77371.32
77371.32,77478,76672,76815.18
76815.18,77154,76424.9,76879.28
76879.28,77013.63,76130.1,76229
76228.99,76421.94,75666.6,76066.38
76066.37,76380.83,75881.28,76330.97
76330.97,76481.3,76197.02,76342.77
76342.78,77127.62,76187.75,76994.78
76994.77,77455.71,76880,77053.64
77053.65,77904.93,76972.32,77590.03
77590.04,77596.39,75705.32,75924.25
75924.24,76274.8,74937.52,75563.86
75563.87,76088.9,75497.43,75780
75780,76473.26,75494.7,75928.1
75928.09,76179.91,75323.65,76161.67
76161.67,76339.38,75876.29,76059.43
76059.42,76669.14,76042.75,76473.6
76473.6,76514.8,76111,76412.8
76412.8,76568.9,76206.02,76346.57
76346.58,77453.74,76320.42,77131.08
77131.08,77206.38,76653.6,77130.54
77130.54,77600,77048,77463.98
77463.98,78914.12,77408.73,78445.89
78445.88,78683.23,78131.02,78360
78360.01,78422.81,77752,78231.13
78231.13,78514.82,78166.48,78400
78399.99,78448.99,78040,78220
78220,78394,78094.43,78143.08
78143.09,78487.68,78108.41,78487.67
78487.67,78596.61,78310.54,78486
78486.23,79199.48,78418.32,78686.85
78686.84,78754.55,78108.75,78203.08
78203.07,78483.67,78084.08,78363.25
78363.24,78849.22,78354.53,78656.01
78656.01,78878.77,78586.99,78668.36
78668.36,78853.32,78558.65,78760.32
78760.32,79447,78484.42,78568.57
78568.58,80458,78288.88,80316.31
80316.3,80635.51,79500,79696.75
79696.75,79930,78202,78793.67
78793.67,80545.17,78500,80028.85
80028.85,80776.99,79619.33,80053.31
80053.31,80397.19,79744.91,79861.01
79861.01,81083.98,79808.72,80893.08
80893.08,81323.52,80725,80855.59
80855.59,81095.48,80527.76,81014.05
81014.05,81712.32,80932.54,81525.19
81525.19,81680,81050.04,81606.35
81606.35,81791.48,80790,80905.52
80905.53,81760.84,80731.14,81581.69
81581.7,81649.99,81060,81359.82
81359.82,82850,81328.68,82522.89
82522.88,82539.33,81136,81704.25
81704.25,81907.51,81200,81464.87
81464.86,81700,81000,81447.01
81447.01,81490.03,80830.23,80834.91
80834.92,81708.32,80725.09,81518.58
81518.57,81590,80572.4,80866.65
80866.65,81180,79699.52,79890.63
79890,80269.06,79500,80146.11
80146.77,80371.23,79582.95,80006
80006,80142.84,79181.48,79578.85
79578.84,79778.95,79248.58,79682.4
79682.4,80340.94,79666.05,80231.22
80231.22,80500,79549.54,80142.14
80142.13,80299.99,79738.75,80179.94
80180,80409.09,80089.76,80193.17
80193.18,80550.67,80129.85,80383.95
80383.96,80666.66,80135,80228.89
80228.88,80452.44,80166.26,80345.46
80345.47,80600,80234,80527.92
80527.92,81080,80487.4,80938.53
80938.53,80938.53,80621.88,80678.4
80678.41,80887.15,80572.77,80775
80774.99,80840,80658.97,80736.03
80736.03,80975.4,80691,80821.21
80821.21,81442.81,80784.2,81418.01
81418.01,81583.11,81148,81437.83
81437.83,82479.32,80279.77,82210.07
82210.07,82380,80525,80736.01
80736,81049.51,80639.99,80740.4
80740.4,81200,80621.87,81196.94
81196.95,81458,80462.97,81445.9
81445.89,82137.26,81344.72,81961.99
81961.99,82078.91,81596.31,81745.65
81745.66,81788,80714.28,81058.8
81058.79,81305.24,80800.77,80865.4
80865.4,80964.13,80496.57,80784.87
80784.86,80999,80188.65,80336.01
80336.01,80874.42,79843.59,80834.64
80835.3,80896.25,80439.91,80504.47
80504.47,81299.99,80412.15,81249.99
81249.99,81281.07,80889.12,81026.92
81026.92,81324.64,80494.98,80501.22
80501.22,80592.65,78807.22,78827.21
78827.21,79800,78754.65,79642.41
79642.41,79760,79228,79313.61
79313.61,79681.73,78922,79044.85
79044.86,79998,78982.06,79745.98
79745.99,79936.98,79234,79258.27
79258.27,81332.23,79230.31,81301.23
81301.22,82048.13,81080.25,81419.74
81419.75,81590.19,81059.93,81089.99
81090,81664.45,80750,81059.15
81059.15,81100,80314,80814.88
80814.88,80822.95,80369,80628.53
80628.52,80635.44,78659,79150.27
79150.26,79561.94,79051,79146.5
79146.5,79217.07,78911.42,79113.21
79113.2,79227.77,79010,79083.18
79083.19,79129.71,78066,78369.77
78369.78,78530.52,77640,78081.71
78080.46,78346,77833.4,78238.67
78238.68,78364.65,78119.72,78259.66
78259.67,78318.94,78125.32,78148.05
78148.05,78243.19,77721.19,78028.88
78028.88,78323.96,78003.35,78180.01
78180,78599.99,78033.01,78415.99
78415.99,78550,77850,78051.41
78051.42,78468.46,77856.69,78415.3
78415.29,78485.36,76735.16,77457.67
77457.67,77477.99,76707.61,76924.65
76924.66,77089.29,76583.33,77073.69
77073.69,77403.48,76668.58,77285.83
77285.83,77800,76051,76409.46
76409.46,76995,76144.24,76928
76928,77222.79,76800,77001.87
77001.88,77414.62,76487.83,76787.11
76787.1,77278.57,76644.98,77233.69
77233.68,77317.02,76633.83,76714.62
76714.61,77048.72,76144.71,76521.23
76521.24,77065.8,76407.72,76818.74
76818.73,77040.83,76642.95,76834.36
76834.36,76922.46,76516.74,76723.54
76723.55,77472.21,76692,77282.64
77282.65,77663,77210.33,77382.49
77382.5,77853.04,76891.61,77455.46
77455.45,77713.66,77018.38,77667.49
77667.49,77766.6,77226.61,77552.23
77552.24,78173.15,77525,78078.72
78078.72,78180.01,77521,77889.01
77889.01,78200,77147.15,77189.1
77189.1,77402.12,76719.47,77259.46
77259.45,78098.16,77008.75,77690.56
77690.56,77813.35,77534.43,77615.52
77615.52,77817.8,77327.28,77779.98
77779.98,77900,77288.77,77408.06
77408.07,77535,77184.45,77428.84
77428.83,77584.94,76570,76790.59
76790.6,77093.72,75668.76,75860.44
75860.44,76087.85,75359.18,75539.5
75539.5,75664.62,75220,75635.22
75635.22,75650.63,74289.6,74609.36
74609.37,74873.55,74303.56,74789.99
74789.99,75726.3,74660.05,75520
75519.99,76012.22,75371.72,75983.45
75983.45,77404.18,75953.94,76752.01
76752,77011.62,76629.02,76750
76750.01,77065.94,76651.59,76799.99
76799.99,77543.15,76734.42,77320.06
77320.06,77325.72,76195.36,76371.59
76371.59,76799.99,76371.59,76773.34
76773.33,77225.97,76108,77064.96
77064.96,77485,76914.25,77026.67
77026.68,77650,76990.78,77401.12
77401.11,77699.97,77280.32,77357.5
77357.5,77905.52,77286.5,77628.82
77628.82,77807.29,77343.61,77441.86
77441.85,77500,77019.82,77322.01
77322.01,77345,76475.59,76664.01
76664,77059.74,76603.73,76730.84
76730.84,77621.75,76586.94,77183.55
77183.56,78080,76272.63,76518.1
76518.1,76710.01,75779.3,76052
76052,76180,75677.97,75930.01
75930.01,76104.02,75607.62,75683
75683,75980,75310.9,75977.17
75977.16,76071.41,75710.76,75769.18
75769.18,76174.15,74758.33,75326.01
75326.02,75408.01,74663.45,75066.08
75066.09,75415.81,74243.99,74449.3
74449.31,74590.77,73060.59,73258.01
73258,73512.14,72728.85,73498
73498,73616,73193.13,73505.66
73505.65,73580.75,72582.82,72928.73
72928.73,73749.69,72741.4,73419.32
73419.31,73949.22,73241.48,73617.51
73617.52,73868.33,73189.11,73301.52
73301.53,73939.19,73210.21,73528.56
73528.55,73902.85,73341.85,73487.98
73487.98,74200,72512.49,73808.26
73808.25,74514.1,73187.25,73520.28
73520.29,73844,73320,73460.78
73460.78,73796.43,73408.62,73524.01
73524.01,73709.91,73216,73548.6
73548.6,73680.75,73500.02,73602.02
73602.01,74100,73594.4,73930.14
73930.13,74143.76,73811.3,74016.65
74016.64,74054,73781.3,73884.38
73884.38,74275.66,73858.56,74150.64
74150.64,74221.33,73836,73871.24
73871.25,74024,73699.2,73937.79
73937.63,74023.99,73483.05,73655.21
73655.2,73734,73400,73563.42
73563.41,74198,73500,73674.39
73674.39,74092,73222,73769.06
73769.06,73841.37,72704,72818
72818,73095.64,72290,72479.99
72480,72610,71066.33,71129.62
71129.62,71800.73,70686.68,71595.24
71595.24,71690,70840.9,71408.9
71408.9,71408.9,70111,70953.69
70953.7,71048,69733,70118.42
70118.42,70172,69324.65,69461.72
69461.73,69548.13,67076,67304.28
67304.29,68146.3,66432,67315.14
67315.14,67923.24,66193,66760.83
66760.84,67204.15,65426.34,65849.9
65849.9,67516,65834,67220.03
67220.03,67476.69,66656.48,67067.37
67067.37,67244.62,66076,66076.01
66076.01,66373.18,65251,65462
65461.99,65860,64092.49,64142.75
64142.75,64540.3,61383.56,64363.49
64363.49,64764.32,63492.89,63603.15
63603.15,63904.63,62205,62545.99
62546,64494.92,62392,63896.17
63896.16,64163.93,62944.91,63629.38
63629.38,63918,63106.04,63885.99
63885.99,63978,62339,62730
62730,63688,61126.01,63115.99
63115.99,63259.9,61964.98,61964.99
61964.99,62457.86,60000,60438.01
60438,61547.24,59130.91,60300.24
60300.24,62000,59940.01,61056.47
61056.47,61530.05,60520,60687.04
60687.05,61276.95,59500,61004.95
61004.95,61500,60198,60802.91
60802.9,61185.26,60396,60784
60784.01,60971.24,60393.96,60600.01
60600,61000,60429.09,60884.62
60884.62,61778.33,60746,61701.07
61701.06,62416.26,61482.46,62404.73
62404.72,62960,62259.37,62621.96
62621.97,62643.97,61577.12,62093.99
62093.99,62332,61184,61328
61327.99,64234.68,61217.17,63332.01
63332.01,63863.06,62720.86,63130.12
63130.12,63350,62408,63283.99
63284,63873.08,62992.01,63479.61
63479.62,64200,62718.3,63774.48
63774.48,64046.86,63268.01,63372.01
63372.01,63850,62978.66,63085.99
63086,63184,62423.07,62875.17
62875.18,63526.01,62748,63198.44
63198.44,63208.86,62498.75,62711.12
62711.12,62895.18,61037,61131.84
61131.85,62103.39,60780,62098.09
62098.09,62272,61556,61730
61730,61974.7,61235.29,61549.64
61549.64,61813.34,61080,61687.56
61687.56,61736,60755,61034.04
61034.04,62857.99,60960,62639.23
62639.23,62646,61588.8,61942.44
61942.45,61949.21,61104.24,61510.99
61510.99,62848,61510.99,62689.48
62689.47,62997.53,62544.89,62719.39
62719.39,63257.21,62719.38,63108
63108.01,63239.43,62500,62749.44
62749.44,63933.02,62348,63605.68
63605.69,63700,63270,63625.99
63626,63810.01,63301.53,63524.82
63524.81,63863.98,62829.81,63100.8
63100.8,63953.84,63100.8,63766.01
63766.01,64394.44,63045.29,63593.02
63593.02,64111.1,63510.16,63589.27
63589.28,63696.41,63400,63580.01
63580,63840,63418.66,63532
63532,63883.47,63484,63846
63845.99,63984.53,63726.57,63971.28
63971.28,64350,63921.33,64296.15
64296.15,64333.62,63920.05,64296.59
64296.59,64762.77,64226.38,64458.01
64458.01,64710,64380.7,64545.3
64545.3,64563.48,64214,64429.39
64429.39,64664,64321.18,64546
64546.01,64560.66,63866.66,64025.07
64025.06,64208.92,63678.83,63802
63801.99,65800,63794.09,65746.45
65746.45,65995,65354,65927.1
65927.11,66000,65611.01,65674.76
65674.76,66385.12,65512,66233.9
66233.89,67292.15,66106,67292.14
67292.15,67292.15,66348,66614.35
66615.98,66681.3,66076.56,66328.74
66328.74,66463.26,65650,66165.21
66165.21,66572.99,65802,66372
66372,66992,66345.06,66481.73
66481.73,66818,65360.92,65859.76
65859.76,66248.69,65560,65675.88
65675.89,65938,65592,65675.01
65675.02,66200,65477.5,65851.99
65852,66048.19,65251,65539.5
65539.51,65574,64565,64810.01
64810.01,65855.66,64590.53,65752
65751.99,66445.93,63998.35,64301.85
64301.85,64529.2,63915.77,64509.4
64509.4,64806,64267.86,64282.82
64282.82,64510.5,63696.29,64510.44
64510.45,64646.75,63878.14,63974.4
63974.4,64445.19,62293.76,62369.44
62369.43,63008.33,62272.07,62950.79
62950.79,63274.19,62742,62958.01
62958.01,63110.29,62386.9,62773.51
62773.52,62917.32,62409.55,62629.99
62630,62782,62316.44,62626
62626,63419.27,62353,63214.01
63214.01,63387.8,62866.99,63021.6
63021.6,63666,62958.59,63543.91
63543.9,63777,63320.14,63476.79
63476.79,63907.07,63402,63655.21
63655.21,63798.76,63392.41,63688
63688,64388,63184.21,64160.04
64160.04,64167.26,63730.21,63936
63935.99,64350,63853.31,64298.01
64298.01,64472.99,64206.17,64426
64426,64588,64173.08,64191.07
64191.06,64483.95,63900.17,64176
64176,64355.88,63952,64224
64224,64298.84,63933.47,64207.12
64207.13,64271.21,63270,63311.99
63312,64823.52,63312,63974.01
63974.01,64397.57,63868.41,64211.19
64211.2,64768.46,64044,64657.22
64657.22,65622.83,64579.08,64836.95
64836.95,64862,64276,64472
64472.51,64659.43,63804.59,64020.01
64020.01,64275.38,63828.93,64065.35
64065.34,64095.55,62568.9,62886.03
62886.04,62945.08,61938,62507.06
62507.05,62855.98,61960,62487.79
62487.79,62846,62104.7,62388.49
62388.49,62799.99,62380.25,62734.57
62734.57,63119.45,62461.87,62729.78
62729.78,63073.44,62525.49,62657.99
62658,63239.06,62318.88,62921.19
62921.19,62973.2,60249.82,60250
60250,60678.1,59102.7,59958.3
59958.3,61276,59854,61077.99
61078,61163.16,60684.94,60883.65
60883.66,61962.4,60792,61911.04
61911.03,61920,61066,61282.01
61282,61761.35,58115.01,59557.99
59557.99,60067,59139.96,59320
59319.99,60273.81,59319.99,59794
59794.64,60131.37,58337,60036.01
60036,60759.99,59702,60532
60532,60580,59239.78,59413.24
59413.24,60500,58500.1,60328.32
60328.18,60583,59556,59751.97
59751.96,60117.64,59571.31,60097.27
60097.27,60412,59876.22,60305.73
60305.73,60574,60093.33,60548.07
60548.06,60548.74,60198.94,60363.65
60363.65,60941.17,60257.03,60840.06
60840.06,60855.03,60085.88,60175.95
60175.95,60482.18,59855.16,60029
60029.01,60339.99,59986,60197.04
60197.03,60259.68,59753.48,60219.99
60220,60545.01,60068,60342
60341.99,60457.02,59817.28,59890
59890.35,59943.9,59270.26,59481.79
59481.78,59906,58905,59577.01
59577.01,60233,58900.01,60049.46
60049.45,60346.27,59392.02,60026
60026.01,60311.95,59745.46,59956.05
59956.05,60780.57,59011,59824.01
59824.01,60683.84,59584.48,60433.49
60433.5,60585.99,60194.01,60260.21
60260.2,60276.54,59600,59627.48
59627.47,59712.88,59360,59524.01
59524.01,59551.03,59123.01,59192.7
59192.71,59276.6,58201,58381.99
58382,58839.16,58241.79,58818.05
58818,58874.99,58509.99,58624.71
58624.71,59318,57800.19,59197.13
59197.12,59457,58534.31,58768.65
58768.64,59091.99,58500,58622.03
58622.02,60536.55,58326,60147.15
60147.15,60352.93,59787.35,60028.67
60029.39,61334,59876,60024
60024,61121.78,59588,61058
61057.99,61058,60104,60149.99
60149.99,61437.49,60132.51,61358.01
61358,62200,61147.23,61612.93
61612.93,61962.43,61108.99,61479.6
61479.59,61653.43,61342,61560
61560,61733.11,61248.86,61434
61434,61864.99,61332.76,61750.47
61750.47,62103.1,61510.01,62024.02
62024.01,62400,61700,61922.72
61922.71,62317.64,61911.65,62210
62210,62979.86,62186.01,62583.26
62583.26,62946,62404.25,62627.29
62627.28,62749.97,62328.24,62576
62576,62674.47,62415.87,62482.01
62482,63075.46,62482,62943.29
62943.29,63461.99,62786,63294.72
63294.72,63448,62927.98,63144.01
63144.01,63144.01,62596.08,62769.04
62769.03,63059.99,62659.65,63020.21
63020.21,63104,62436.59,62658.92
62658.92,62943.59,62569.37,62740.01
62740.01,62888.14,62590.02,62768.88
62768.87,63999,62609.47,63650
63650.01,63920,63136.01,63294
63294,63402.77,62890,63089.42
63089.42,63244,62483.83,62483.84
62483.84,63550,61306.84,63545.98
63545.98,63976.16,63386.01,63738.52
63738.52,64700,63589.41,64042.02
64042.93,64314,63150,63191.01
63191.01,63445.7,62800,63083.18
63083.19,63467.15,62984.58,63406
63405.99,64105,62671.39,63930.51
63930.5,64243.75,63379.69,63817.99
63818,63901.75,63218,63363.99
63364,63761.99,62525.47,62766
62766,62901.49,62477.04,62888.35
62888.34,62941.46,61743.83,62299.99
62300,62451.08,61544.56,61704.01
61704.01,62394.32,61692,62277.98
62277.98,62350.63,61956,62290
62290.01,62642,61705.29,61974.34
61974.34,63283.26,61956.46,63000
62999.99,63100.1,62614.66,62786.34
62786.33,63261,62465.39,62868.05
62868.06,63500,62559.59,63248.1
63248.09,63418,63060.91,63230
63230.01,64050.23,62926.01,63947.2
63947.2,64200,63802.02,63963
63963,64494.84,63962.99,64425.18
64425.18,64692.83,63793.43,64040
64039.99,64220,63732.66,63917.88
63917.88,64222.61,63656,64161.72
64161.72,64310,63984.07,64150.42
64150.42,64278,64080.26,64162.18
64162.18,64300,64129.99,64198
64197.99,64504.11,63896.18,64175.75
64175.75,64402,64084,64286
64286,64463.83,63819,63819
63819.01,64223.74,63702.16,64223.73
64223.73,64245.87,63640.83,63885.27
63885.28,64100.32,63764,64018.01
64018,64290.11,63958.71,64176
64176,64270,64018.69,64228.59
64228.59,64254,63668,63780
63780,64425,62741.04,62806.41
62806.41,63070.01,62500.76,62985.52
62985.53,63302.88,62862.28,62901.99
62901.99,62990.04,62101,62618.01
62618,62629.35,61824.97,62288.23
62288.23,62347.46,61882.88,62334.52
62334.52,62666.66,62272.2,62572.89
62572.88,62872,62516.93,62560.92
62560.92,62923.06,62500,62844.99
62844.99,64966.43,62780.84,64743.99
64744,64896.86,64231.77,64569.59
64569.59,65100,64419.99,65043.98
65043.99,65065.01,64488,64792.01
64792,65277.37,64485,64549.34
64549.33,64917.94,64549.33,64732.15
64732.15,65600,64606,65427.61
65427.6,65470,64738.49,64977.34
64977.34,65055.39,64691.89,64756.28
64756.28,64845.5,64392.01,64619.95
64619.96,64997.52,64086.12,64238
64238,64380,63888,64256.53
64256.52,64896,63838.28,64704.73
64704.73,64712,63984.09,64271.84
64271.85,64276,63748.74,63830.2
63830.2,64067.69,63380.28,63570
63570,63576,62710,62828.11
62828.11,63361.7,62666,63298.01
63298,63518,62537.56,63452
63452,64387.99,63312.01,64160.8
64160.8,64216.61,63884.35,63931.67
63931.67,64032.6,63886.65,64017.84
64017.84,64026.03,63926.39,64002.75
64002.75,64097.22,63887.73,64069.89
64069.89,64274.47,63963,64123.12
64123.13,64669.5,64091.48,64552.79
64552.8,64865,64528.69,64834.22
64834.21,64967.25,64620.44,64706.18
64706.18,64815.65,64610.89,64711.05
64711.04,64743,64445,64467.64
64467.65,64663.04,64285.24,64585.32
64585.33,64752,64280,64462.58
64462.58,64900,64347.89,64722.54
64722.55,65107.99,64416,64869.8
64869.79,64869.99,63765.83,64280.01
64280.01,65068,63100,65002.01
65002,65666.8,64077.76,65598.75
65598.75,65799,65041.05,65142
65142,65445.27,65061.92,65255.51
65255.51,65658.78,65148.75,65566.78
65566.77,66245.64,65471.69,66186.86
66186.86,66420.65,66129.19,66345.59
66345.59,66956.15,66255.73,66676.54
66676.53,66764,66052.63,66444.76
66444.76,66576,66204,66556.16
66556.15,66739.89,66176,66210
66209.99,66424,65701,65843.48
65843.48,66164.57,65843.47,66013.36
66013.36,66204.98,65553.67,66047.39
66047.38,66384,65691.93,65923.19
65923.19,66138.24,65791.79,66114.49
66114.5,66313.14,65585.11,65662.53
65662.53,65821.17,65351.02,65442.13
65442.12,65792.09,65419.75,65555.21
65555.21,65589.41,64728,64958.36
64958.37,64961.15,64650,64846.94
64846.93,65235.43,64834.52,65098.97
65098.98,65464.35,64762.18,65456.7
65456.7,65808.59,65248,65499.95
65499.94,65508.17,64857.14,65083.43
65083.42,65133.99,63739.75,64093.85
64093.86,64292.44,63881.46,64225.32
64225.32,64288.02,64121.86,64139.99
64140,64179.03,64006.55,64085.36
64085.36,64205.67,63964.57,64003.2
64003.2,64113,63810,64064.01
64064.01,64272,64043,64182
64182.01,64475.28,64123,64388.38
64388.39,64430,64263.03,64375
64375.01,64582,64350,64557
64557,64599.95,64293.81,64370
64370,64573.73,64353,64507.35
64507.36,64827,64414,64768
64768,64940.51,64668.91,64695.52
64695.52,65577,64631.57,65399.99
65400,65418.81,64892.03,65284
65284,65744.6,65217.16,65221.99
65221.99,65432,65092,65100.79
65100.79,65718,64418.01,64554.01
64554,65090,64517.78,64984
64983.99,65056,63605.56,63755.86
63755.86,63827.49,63059.39,63343.83
63343.82,63668.71,63221.26,63505.99
63506,63593,63294,63450
63449.99,64026.62,62742.47,63928.47
63928.46,64100,63504,63904
63904,64073.3,63562,63915
63915,64200,63658,63753.03
63753.04,64575.99,63598,64561
64561.01,64744.81,64283.83,64507.54
64507.53,64718.87,63886,63964.01
63964.01,64648.79,63511,63589.46
63589.46,64131.44,63267.34,63984.28
63984.29,64411.76,63603.92,64161.98
64161.98,64182,63907.85,64026
64026,64885.18,63980.54,64788
64788.01,65176.6,64607.31,64730.3
64730.29,64988,64688,64800
64800,65086.4,64668.91,64780.02
64780.03,65409.56,64172,64370
64370,64496.64,63878.11,63950.01
63950.01,64011.99,63610,63805.51
63805.5,63849.19,62466,62716.57
62716.57,63302,62709.01,62972
62972,63062.47,62846,62887.88
62887.88,63106.55,62887.87,63004.48
63004.47,63142.85,62992.82,63050.46
63050.45,63150,62986.31,63076
63076,63127.07,63007.05,63007.06
63007.06,63027.65,62275,62529.82
62529.81,62866.62,62482.99,62823.64
62823.65,63550,62806.58,63461.95
63461.95,63634,63415.26,63506.24
63506.23,63530,62982.38,63031.99
63031.99,63231.67,63010,63109.14
63109.13,63610.01,63064.01,63456.01
63456,63796.33,63344,63570
63570.01,63596,62786.04,62870.49
62870.48,63001.77,62552.04,62621.1
62621.1,62863.1,62300,62560.01
62560.01,63992.71,62445.26,63694.91
63694.9,64080,63664,63869.38
63869.38,64023.61,63392.01,63520
63520,63972,63322.01,63800.01
63800.01,64243.81,63506.78,63685.74
63685.73,63950,63451.8,63926
63926,64238,63615.38,64125.14
64125.14,64413.21,63892,64233.36
64233.35,64549.16,64001.68,64106.56
64106.55,64504,63950,64183.27
64183.27,64525.97,63995.89,64163.99
64164,64280,64020,64075.28
64075.28,64744,63880,64388.01
64388.01,64936.18,64388,64840.28
64840.27,65025.22,64579.15,64665.23
64665.24,64724.38,64439.34,64531.03
64531.03,64996,64496.27,64809.7
64809.7,64999,64503.54,64622.09
64622.08,64987.26,64172,64631.87
64631.88,64834,64365,64446
64446.01,64536.32,64200,64323.61
64323.61,64544,64230.59,64289.99
64289.99,64463.75,64166,64319.84
64319.84,65213.33,64304.22,65029.98
65029.98,65390.99,64788,64912.72
64912.71,65072.31,64525,64960.47
64960.46,65102,64846,64923.19
64923.2,65074.18,64784.19,65033
65033,65071.15,64951.34,64960
64959.99,65050,64948.56,64967.35
64967.36,65192.54,64924,65080.82
65080.83,65150,65017.39,65075.41
65075.4,65100.61,64936.01,64962.6
64962.6,65002,64730.08,64788.8
64788.8,64867.11,64777,64826.14
64826.15,65000,64792.1,64950
64950.01,65300,64914.73,65228.68
65228.68,65266.06,65179.72,65180.66
65180.66,65474.46,64842.59,64901.59
64901.59,65391.14,64826.78,64982.01
64982,65379.13,64924,65202.73
65202.72,65328.73,64958.87,65125.98
65125.99,65237.8,64203.15,64299.99
64299.99,64354,63806.27,64045.7
64045.7,64215.21,63920.69,63970.01
63970.01,64176,63895.64,64155.01
64155,64159.65,63852,64065.99
64066,64400,64044.72,64389.57
64389.58,64515.43,63451,63609.87
63609.86,63660,63238,63536
63536,63768.58,63536,63600
63600.01,63908.01,63534.01,63835.59
63835.58,63891.42,63606.15,63837.99
63838,64249.5,63768.01,64240.04
64240.04,64500,63316,63441.47
63441.48,63578,63310.34,63421.11
63421.11,63661.24,63370,63479.99
63479.99,63717.31,63380,63646.99
63647,64010,63591.56,63865.84
63865.84,63915,63350,63484.3
63484.31,63999,63420,63420.01
63420.01,63568.97,62802.27,63407.99
63408,63640,63368,63490.86
63490.86,63617.45,63301.58,63310
63310,63472.5,62920,62920.78
62920.78,62997.83,62700,62868.83
62868.83,63089.18,62535.24,62990.95
62990.94,63247.05,62830,62968.05
62968.06,63066.13,62800,63043.56
63043.56,63187.98,62992.91,63051.25
63051.25,63155.76,63027.89,63075.43
63075.43,63085.8,62920,63022.01
63022.01,63120.09,62946.58,63100.55
63100.55,63127.4,63044.37,63126.08
63126.07,63175,63076.96,63086.01
63086.01,63151.59,63012,63130
63130.01,63158.8,63040,63061.02
63061.03,63079.76,62968.45,63013.66
63013.66,63146.4,62997.77,63146.39
63146.39,63390,63100.89,63108.81
63108.8,63140,62716,62900
62900,63520,62751.1,63429.21
63429.21,63717.17,63429.21,63514.45
63514.45,63781.69,63295,63631.1
63631.11,64227.27,63444.17,64200
64200,64610.01,63979.3,64309.96
64309.95,64578,64266,64532.1
64532.11,64568.46,64047.73,64185.01
64185,64446,64090,64198.97
64198.97,64402.35,64087.98,64351.19
64351.18,65058.81,64027.85,64855.06
64855.06,64891.81,64642.36,64643.26
64643.27,64780,64562.25,64725.42
64725.42,64736.27,64278,64330.71
64330.7,64409.93,64166,64296
64296.01,64539.05,64255,64515.63
64515.62,69500,64474.86,68554
68554,68997,67825.03,68429.44
68429.44,70000,68390,69334.79
69334.78,69894.5,68902.22,69195.64
69195.64,70022,69166,69816.45
69816.45,72490,69772.36,71927.07
71927.07,72830,71132,72470.83
72470.84,72966,72205.88,72690.76
72690.76,73400,72498,73025.15
73027.02,75785.82,73027.02,74510.77
74510.77,76916.95,74510.77,76308.65
76308.66,79500,76235.76,76722.32
76722.31,77871.33,76243.04,77221.98
77221.98,77722.12,76643.72,77028.94
77028.94,78760.68,76863.56,78338.03
78338.03,78828.15,77683.37,78410.98
78410.98,78818,76500,77289.18
77289.18,77445.6,76533.87,77130.02
77130.01,77387.99,76880,76978.83
76978.83,77547.96,76956.36,77418.25
77418.26,77467.53,76772,77074.93
77074.94,77400,76837,76927.87
76927.87,77036.58,75545.67,76007.13
76007.12,77400,75952.09,77311.02
77311.02,77765.8,76802,77156.13
77156.14,77487.04,77116,77346.01
77346,78052.85,77200.03,77734
77734,77742,76883.61,76933.02
76933.02,77790.19,76670.01,77307.15
77307.14,78600,76838,78443.65
78443.65,80000,77851.9,79100.01
79100.01,79877.87,78468.61,78758
78757.99,79049.4,78560,78992.75
78992.76,81272.62,78715.63,80488.01
80488.01,80923.69,79369.17,79705.79
79705.79,80249,78888,79117.99
79118,79527.09,78120.74,79502.01
79502.01,79563.71,78728.35,78925.95
78925.96,79000,77851,78539.14
78539.13,79251.6,78312,79088.62
79088.61,79206,78638,78925.56
78925.57,79119.37,78244.83,78487.26
78487.26,78713.79,77632.58,78011.65
78011.64,78650.26,77858,78475.49
78475.49,79174.12,78200,79023.75
79023.75,79028.49,78546.13,78830.68
78830.68,79095.99,78600,79082.17
79082.18,80520,79048,79477.67
79477.66,80799.91,78920,80302.32
80302.32,80848.74,79749.7,79910.19
79910.19,80432.36,79882.86,80249.58
80249.59,81478.87,79723.02,79810.49
79810.48,79999,79558.11,79660
79660,79840,79001.01,79604.13
79604.12,79838.73,78312.64,78331.13
78331.13,78404,76888,77580.03
77580.03,77846.72,77255.69,77845.87
77845.88,77963.92,77507.16,77507.17
77507.17,77716.12,77382.37,77626.01
77626.01,77754.23,77487.73,77584.67
77584.66,78150,77506.63,77865.36
77865.36,78330,77858.29,78182
78181.99,78298,78062,78230
78230,78330,77994.02,78144.68
78144.68,78310.71,77990,78118
78118,78242,77962.49,78166
78165.99,78966.76,78165.99,78823.63
78823.62,79400,78721.98,78856.39
78856.39,78931.49,77000,77682
77682,78185.89,77392,77756.71
77756.7,78322.56,77458.83,78196.01
78196.01,78802,77982,78315.43
78315.43,78777.9,77675.04,78580.42
78580.43,79250,78494,78898.06
78898.06,79172,78405.01,78581.29
78581.3,78900.01,78189.93,78679.01
78679.01,79220.61,78500,78632.37
78632.37,78658.01,77758.69,78098.97
78098.96,78424,77510,77919.06
77919.07,77976,76420,77312
77312,77638.18,76920.36,77439
77439.01,77792,76718.48,77563.5
77563.5,77765.99,77294.56,77473.85
77473.86,77546,76264,76828.76
76828.75,77490,76611.67,77288.98
77288.97,77582,76950.56,77341.47
77341.48,77520,77007.36,77340.01
77340.01,77900,76968,77708
77708.01,78183.91,77101.01,77663.15
77663.14,78066,77478,77948.39
77948.39,81370.33,77896.07,81348
81348,81790,80613.52,81755.41
81755.41,82300,80905.05,81270.37
81270.37,81427.75,80669.45,80850
80850.01,81288,80573.21,80656.87
80656.86,81423.03,80502.87,81224.86
81224.86,81350,78660,79429.33
79429.33,79877.07,79378.19,79793.34
79793.35,79862.15,79512,79660.77
79660.77,79721.57,79472.22,79582
79581.99,79763.41,79442,79709.96
79709.96,79735.97,79568,79609.28
79609.29,79816,79545.96,79806.01
79806,80200,79712.86,79754
79753.99,79947.99,79694,79831.75
79831.75,80107.99,79829.98,80028.01
80028.01,80107.99,79577,79805
79804.68,80020,79752.7,79919.17
79919.17,80010,79233,79716.5
79716.51,79970,79584.73,79829.99
79830,80559.99,79647.04,80341.83
80341.83,80443.99,79568.6,79596.39
79596.38,79926.04,79001.1,79397.83
79397.83,79550,79282,79420.16
79420.16,79643.5,78680,78821.99
78822,79419.17,78807.69,79365.82
79365.81,79394.92,78781.07,79112.01
79112,79485,78725.1,78906.28
78906.27,78929.24,78179.98,78482
78482,78994.5,78271.63,78430.01
78430,78910.88,77620.01,78904
78904,78978.39,78271.49,78446
78445.99,78662.75,78406,78455.8
78455.8,78928.65,78455.79,78638.01
78638.01,79400,78638,79277.43
79277.44,79760,78725.29,79324.75
79324.75,79678.84,78060.03,78596.7
78596.7,78938.55,78150,78234.94
78234.94,78340.01,77770,78306.43
78306.43,78550,77952,78328.08
78328.08,78564.39,77906.48,78112
78112,78229.22,77688,77840.8
77840.64,77959.2,76676.07,77250
77250,77544,76804.99,77160.83
77160.83,77347.45,76464,76568.72
76568.73,77013.62,76563.01,76891.8
76891.81,77431.48,76889.23,77230.7
77230.7,77500,76746.95,77036.12
77036.12,79890,76046.58,77732.25
77732.25,78068.01,76883,77286.01
77286,77504.01,76967.13,77225.7
77225.71,77378.37,77207.65,77268.09
77268.09,77359.2,77164.06,77269.55
77269.54,77400.75,77269.54,77356.04
77356.05,77505.67,77255.19,77380.37
77380.38,77414.01,77059.75,77114.99
77115,77300,77114.99,77278.73
77278.73,77341.37,77162.36,77192.01
77192,77325.82,77058.42,77127.99
77127.99,77182,76500,76792.32
76792.31,77254.45,76560,77134.83
77134.82,77413.52,77125.66,77284
77284.01,77450,76622.97,76842.01
76842.01,77869.82,76388.72,77596.33
77596.32,77895.35,77379.41,77892.24
77892.24,78374.01,77593.8,77776
77776,78712.29,77481.98,78578.02
78578.02,79325,78426.17,78982
78982.01,79600,78131.3,78189.21
78189.2,78250.46,77750,77853.13
