"# frozen data/btc_4h.csv: 1500 bars 2026-01-08T04:00Z -> 2026-09-15T00:00Z; then 39 bars 2026-09-15T04:00Z -> 2026-09-21T12:00Z from data/fresh_4h.csv (BTCUSDT 4h from https://api.binance.us, t,o,h,l,c, gaps forward-filled: 2); t,o,h,l,c"
1767844800,90813.4,91188.0,89641.84,90548.02
1767859200,90548.02,90917.22,89777.25,90226.77
1767873600,90226.77,90847.52,89311.0,90781.57
1767888000,90781.57,91469.0,90312.89,90937.41
1767902400,90937.42,91493.0,90568.11,91099.99
1767916800,91100.0,91632.1,90850.0,91220.23
1767931200,91220.24,91236.72,90738.34,90741.84
1767945600,90741.85,90843.77,89694.66,90463.11
1767960000,90463.12,92082.55,89850.0,91176.47
1767974400,91176.48,91783.32,90190.0,90332.15
1767988800,90332.14,90732.01,90113.87,90641.28
1768003200,90641.27,90782.23,90527.99,90626.14
1768017600,90626.15,90682.7,90408.23,90678.5
1768032000,90678.5,90832.0,90618.28,90723.86
1768046400,90723.87,90788.78,90538.46,90665.75
1768060800,90665.76,90746.0,90504.55,90626.54
1768075200,90626.54,90659.03,90404.0,90504.7
1768089600,90504.7,90737.95,90451.1,90733.5
1768104000,90733.49,90850.0,90585.34,90710.79
1768118400,90710.8,90816.0,90610.27,90754.99
1768132800,90754.99,91191.5,90708.25,90875.79
1768147200,90875.79,91283.89,90673.3,90690.8
1768161600,90690.81,91041.79,90236.0,91013.65
1768176000,91013.66,92519.95,90700.29,91808.12
1768190400,91808.12,92290.81,91381.36,91408.09
1768204800,91408.09,91630.13,90370.0,90620.96
1768219200,90620.95,91665.0,90128.44,91665.0
1768233600,91664.99,92332.0,91000.53,91861.27
1768248000,91861.27,92046.23,90938.2,91296.2
1768262400,91296.2,91546.08,91042.66,91408.91
1768276800,91408.9,92275.38,91350.71,91942.0
1768291200,91941.99,92672.11,91924.27,92000.74
1768305600,92000.73,93450.0,91787.61,93449.99
1768320000,93449.99,94231.82,93078.31,94226.84
1768334400,94226.85,96495.0,94062.0,95414.0
1768348800,95413.99,95722.01,95116.03,95720.99
1768363200,95720.99,95799.22,94559.28,95205.1
1768377600,95205.11,95315.15,94737.95,94792.99
1768392000,94793.0,97084.68,94680.67,96764.57
1768406400,96764.57,97777.0,96246.56,97267.42
1768420800,97267.42,97924.49,96772.02,96951.78
1768435200,96951.78,97000.0,95777.0,95985.1
1768449600,95985.11,96760.15,95952.89,96630.48
1768464000,96630.47,97193.34,96289.98,96581.08
1768478400,96581.07,97165.03,95435.91,96737.04
1768492800,96737.04,97163.0,95183.13,95516.01
1768507200,95516.01,95871.0,95134.48,95604.8
1768521600,95604.81,95855.12,95321.58,95354.69
1768536000,95354.69,95816.83,95133.03,95653.16
1768550400,95653.16,95871.47,95261.43,95429.09
1768564800,95429.09,95809.08,94293.46,94585.98
1768579200,94585.99,95215.74,94508.0,95002.09
1768593600,95002.09,95600.0,94682.0,95550.94
1768608000,95550.94,95578.2,95200.0,95372.95
1768622400,95372.94,95373.64,95041.7,95101.67
1768636800,95101.67,95323.86,95021.67,95323.86
1768651200,95323.85,95639.45,95198.81,95573.64
1768665600,95573.65,95576.14,95212.25,95291.38
1768680000,95291.37,95412.86,95050.0,95147.77
1768694400,95147.77,95250.0,94876.33,95200.29
1768708800,95200.29,95260.0,95028.27,95028.27
1768723200,95028.27,95295.39,95021.44,95168.06
1768737600,95168.06,95376.24,94910.0,95119.28
1768752000,95119.27,95521.71,95073.02,95380.99
1768766400,95380.99,95531.12,93615.4,93673.14
1768780800,93673.14,93673.14,91910.2,92690.09
1768795200,92690.08,92861.41,92385.07,92841.62
1768809600,92841.62,93368.44,92702.56,93191.96
1768824000,93191.96,93226.44,92700.0,93068.62
1768838400,93068.62,93420.0,92930.0,93105.85
1768852800,93105.85,93342.36,92158.48,92631.0
1768867200,92630.99,92870.0,92264.7,92434.92
1768881600,92434.93,92470.37,90771.78,91177.98
1768896000,91177.99,91442.88,90693.0,91218.99
1768910400,91218.99,91371.11,89859.06,90684.95
1768924800,90684.95,90974.49,89292.48,89725.76
1768939200,89725.77,89854.2,87895.98,88427.66
1768953600,88427.66,89598.8,88250.0,89432.33
1768968000,89432.33,90120.44,89093.28,89213.95
1768982400,89213.96,89493.46,88700.0,88789.99
1768996800,88789.99,90574.0,88196.72,90288.04
1769011200,90288.04,90450.0,87263.53,90355.56
1769025600,90355.56,90377.0,89344.98,89454.73
1769040000,89454.73,90359.99,89454.72,89899.51
1769054400,89899.51,90215.79,89802.0,89818.79
1769068800,89818.79,90150.0,89760.0,89941.26
1769083200,89941.26,90340.0,88515.37,89000.01
1769097600,89000.0,89924.46,88676.95,89777.9
1769112000,89777.89,89946.13,89140.13,89559.67
1769126400,89559.68,89979.97,89450.48,89924.78
1769140800,89924.78,90088.94,89400.0,89549.45
1769155200,89549.45,89632.18,88860.44,89202.48
1769169600,89202.47,89865.53,88578.36,89761.61
1769184000,89761.61,91224.99,89489.0,89982.79
1769198400,89982.79,90156.06,89200.68,89600.26
1769212800,89600.26,89957.39,89424.39,89770.02
1769227200,89770.03,89853.38,89572.81,89620.1
1769241600,89620.11,89686.43,89577.97,89595.4
1769256000,89595.41,89595.41,89171.75,89275.77
1769270400,89275.77,89461.4,89162.08,89331.36
1769284800,89331.36,89489.84,89215.59,89225.34
1769299200,89225.34,89319.13,88838.72,88960.35
1769313600,88960.36,89090.13,88635.84,88659.99
1769328000,88659.99,88760.0,88136.0,88570.17
1769342400,88570.17,88971.89,88340.75,88446.5
1769356800,88446.51,88448.85,86194.85,86495.16
1769371200,86495.17,87013.79,86074.72,86670.36
1769385600,86670.36,87973.11,86509.63,87282.05
1769400000,87282.04,88074.48,87244.27,88000.64
1769414400,88000.64,88424.45,87600.69,87855.0
1769428800,87855.01,88860.0,87325.03,87641.41
1769443200,87641.41,88537.95,87035.51,88013.19
1769457600,88013.19,88659.09,87542.05,88347.08
1769472000,88347.08,88898.0,88194.82,88788.0
1769486400,88787.99,89010.0,88278.03,88320.41
1769500800,88320.41,88397.85,87743.52,87992.74
1769515200,87992.74,88474.23,87578.67,88047.46
1769529600,88047.46,88819.89,87304.33,88408.77
1769544000,88408.78,89523.16,88373.49,89250.0
1769558400,89249.99,89497.96,88985.0,89126.67
1769572800,89126.68,89400.0,88840.0,89134.35
1769587200,89134.35,90156.72,88833.65,90080.0
1769601600,90079.99,90488.0,88904.61,89479.66
1769616000,89479.66,90600.0,89006.36,89402.58
1769630400,89402.57,89896.0,88878.01,89299.99
1769644800,89300.0,89348.0,87704.0,88053.71
1769659200,88053.71,88430.05,87901.23,88352.97
1769673600,88352.96,88500.0,87750.01,87846.5
1769688000,87846.5,88182.29,84366.56,84934.02
1769702400,84934.02,85638.3,83383.33,84012.11
1769716800,84012.11,84737.69,83824.9,84650.16
1769731200,84650.16,84735.75,81118.0,82676.43
1769745600,82676.42,83332.2,82056.08,82816.98
1769760000,82816.98,83314.85,82160.0,83151.36
1769774400,83151.36,83797.99,82382.01,82883.94
1769788800,82882.84,84621.16,81871.37,84242.99
1769803200,84243.0,84523.11,83539.2,84260.49
1769817600,84260.5,84270.02,83815.02,84022.69
1769832000,84022.7,84146.22,83404.67,83546.81
1769846400,83546.82,83629.08,82560.75,83020.0
1769860800,83020.0,83140.0,80825.76,81302.15
1769875200,81302.16,82200.0,75719.9,77750.01
1769889600,77750.01,79240.0,77092.34,78741.09
1769904000,78741.1,79424.0,78284.0,78868.28
1769918400,78868.29,79119.3,77967.69,78343.0
1769932800,78343.0,79220.72,78148.1,78743.56
1769947200,78743.57,78768.68,76761.98,77593.4
1769961600,77593.4,78443.1,77000.01,77174.78
1769976000,77174.77,77779.63,75700.0,76968.21
1769990400,76968.22,78231.26,74604.0,76292.98
1770004800,76292.98,76958.0,74911.14,76660.79
1770019200,76660.78,77970.62,76628.28,77759.99
1770033600,77760.0,79360.0,77564.62,78850.06
1770048000,78850.06,79288.28,78283.27,78341.5
1770062400,78341.5,78962.78,77888.0,78738.61
1770076800,78738.6,79186.81,77644.09,78753.32
1770091200,78753.32,78999.99,77950.0,78794.67
1770105600,78794.67,79084.29,77950.0,78079.5
1770120000,78079.5,78458.89,77055.54,78132.33
1770134400,78132.34,78134.53,72945.5,74935.0
1770148800,74935.0,76960.0,74586.54,75770.21
1770163200,75770.21,76971.52,75467.22,76698.17
1770177600,76698.17,76830.69,76105.3,76514.3
1770192000,76514.3,76607.69,75666.0,76017.25
1770206400,76017.25,76260.85,73794.11,74136.36
1770220800,74136.48,74249.83,72169.0,73923.29
1770235200,73923.3,74144.0,71888.0,73165.83
1770249600,73165.84,73341.18,71152.78,71223.25
1770264000,71223.25,71622.82,70140.0,70756.85
1770278400,70756.86,71978.58,69922.0,70318.35
1770292800,70318.35,70872.04,66720.15,67489.07
1770307200,67489.08,68681.81,65200.0,65265.65
1770321600,65265.66,65700.0,62345.0,62909.86
1770336000,62909.87,66010.0,60000.0,64168.33
1770350400,64168.33,66826.5,63914.62,64856.0
1770364800,64856.0,66755.13,64500.0,66631.32
1770379200,66631.32,69192.0,66114.49,68626.0
1770393600,68625.99,71500.0,68428.19,70731.46
1770408000,70731.45,71751.33,69837.35,70580.26
1770422400,70580.26,70928.75,69718.0,70918.99
1770436800,70918.99,71690.07,67300.0,68087.14
1770451200,68087.13,68790.0,67582.48,67972.65
1770465600,67972.65,69999.99,67901.89,69151.5
1770480000,69151.5,69898.0,68531.5,69373.61
1770494400,69373.61,69728.83,68787.34,69289.38
1770508800,69289.37,69696.57,68888.0,69099.99
1770523200,69100.0,69719.07,68952.01,69710.69
1770537600,69710.69,71220.0,69514.15,70999.98
1770552000,70999.99,71554.95,70707.39,71188.99
1770566400,71188.99,71538.05,70251.33,71422.97
1770580800,71422.96,72271.41,70000.0,70330.38
1770595200,70330.38,71453.53,70068.18,71307.56
1770609600,71307.56,71359.37,70311.7,70422.59
1770624000,70422.59,70608.83,68420.58,68928.72
1770638400,68928.71,69884.82,68308.0,69563.37
1770652800,69563.37,71075.31,69100.0,70957.01
1770667200,70957.01,71126.0,69823.52,70138.0
1770681600,70138.0,70527.59,69208.61,69511.83
1770696000,69511.83,69906.5,68682.0,68919.66
1770710400,68919.66,69417.7,68459.89,68535.01
1770724800,68535.02,69591.2,67800.0,69293.37
1770739200,69293.37,69993.65,68604.63,69062.01
1770753600,69062.0,69136.91,68362.0,68841.29
1770768000,68841.28,69292.88,68011.11,68187.99
1770782400,68188.0,68325.0,66557.99,67032.72
1770796800,67032.71,67134.42,66369.49,67053.03
1770811200,67053.03,68834.34,65756.0,66519.73
1770825600,66519.72,67860.44,65876.0,67586.67
1770840000,67586.66,68369.77,66787.7,67082.52
1770854400,67082.52,68047.48,67055.53,67580.99
1770868800,67581.0,67682.69,66670.45,67217.72
1770883200,67217.71,68299.0,66891.6,68076.01
1770897600,68076.01,68410.52,67014.98,67134.74
1770912000,67134.74,67232.04,65118.0,65788.36
1770926400,65788.36,66488.9,65215.06,66272.17
1770940800,66272.17,66814.0,65872.46,66553.08
1770955200,66553.09,66671.62,66002.98,66208.96
1770969600,66208.96,67226.66,66191.52,67171.42
1770984000,67171.41,69309.8,66867.47,68692.12
1770998400,68692.12,69482.97,68540.83,68938.91
1771012800,68938.91,69079.4,68683.32,68853.96
1771027200,68853.97,69137.5,68768.56,68981.99
1771041600,68982.0,69343.0,68730.13,69219.26
1771056000,69219.27,70560.01,69218.71,70505.74
1771070400,70505.74,70533.67,69064.6,69778.28
1771084800,69778.28,69930.9,69283.02,69873.99
1771099200,69873.99,70250.46,69668.05,69822.95
1771113600,69822.94,69990.02,69251.5,69954.5
1771128000,69954.5,70926.42,69459.35,70828.42
1771142400,70828.43,70983.0,70182.31,70295.22
1771156800,70295.22,70418.48,68772.2,69099.99
1771171200,69100.0,69100.0,68000.0,68286.63
1771185600,68286.64,69078.49,68120.0,68832.58
1771200000,68832.59,69065.5,68143.22,68424.82
1771214400,68424.82,68900.0,68228.76,68587.9
1771228800,68587.89,69060.77,68338.9,68812.83
1771243200,68812.84,70126.67,67294.11,67539.52
1771257600,67539.53,68245.34,67513.94,67913.43
1771272000,67913.44,68978.88,67827.11,68892.43
1771286400,68892.43,69241.5,68387.2,68474.9
1771300800,68474.9,68707.49,67892.0,68388.12
1771315200,68388.12,68479.17,67690.0,67854.6
1771329600,67854.6,68360.5,66621.06,67392.05
1771344000,67392.06,68235.39,66881.08,67793.32
1771358400,67793.32,67928.08,67394.0,67503.52
1771372800,67503.52,67705.65,66892.03,67629.11
1771387200,67629.1,68219.81,67500.1,68106.44
1771401600,68106.44,68476.22,67076.9,67369.75
1771416000,67369.75,68347.72,66717.3,67694.01
1771430400,67694.01,67706.94,65870.0,66177.14
1771444800,66177.15,66550.0,66053.6,66461.0
1771459200,66461.0,66997.07,66345.0,66980.91
1771473600,66980.91,67320.0,66679.76,67206.45
1771488000,67206.45,67206.45,66478.02,66496.02
1771502400,66496.03,66755.39,65631.83,66398.0
1771516800,66398.01,67198.1,65899.25,67050.0
1771531200,67050.0,67168.86,66652.34,67003.73
1771545600,67003.73,67488.67,66949.41,67366.25
1771560000,67366.25,68006.0,67115.38,67825.91
1771574400,67825.91,68318.39,67280.6,67318.41
1771588800,67318.41,68083.98,66280.2,67582.95
1771603200,67582.95,68000.0,66952.11,67646.03
1771617600,67646.03,68233.99,67520.3,68020.01
1771632000,68020.0,68099.54,67534.69,67667.77
1771646400,67667.77,67924.39,67593.99,67856.01
1771660800,67856.01,68314.54,67807.3,68092.45
1771675200,68092.45,68698.7,67915.0,68615.0
1771689600,68615.01,68658.5,68101.78,68543.51
1771704000,68543.51,68605.63,67900.0,67975.93
1771718400,67975.93,68222.16,67809.78,68041.43
1771732800,68041.42,68178.79,67881.81,68005.3
1771747200,68005.3,68245.0,67912.02,68219.97
1771761600,68219.97,68232.4,67303.5,67684.14
1771776000,67684.15,67718.13,67190.0,67428.32
1771790400,67428.32,67751.44,67350.0,67643.4
1771804800,67643.39,67684.86,64290.71,64934.17
1771819200,64934.18,66015.22,64685.64,65958.94
1771833600,65958.94,66600.0,65565.78,66207.23
1771848000,66207.23,66511.51,65529.73,65660.1
1771862400,65660.1,65724.28,64048.71,64295.1
1771876800,64295.11,65035.98,63888.79,64656.02
1771891200,64656.01,65026.75,63342.9,63595.51
1771905600,63595.51,63628.52,62700.8,63192.96
1771920000,63192.79,63444.66,62908.92,63227.1
1771934400,63227.11,64031.76,62510.28,63973.97
1771948800,63973.98,64743.11,63689.54,64435.03
1771963200,64435.03,64591.99,63820.5,64058.15
1771977600,64058.15,66310.0,63913.27,65391.73
1771992000,65391.74,65650.0,64755.26,65028.3
1772006400,65028.3,65692.62,64955.79,65430.04
1772020800,65430.04,67578.0,65324.62,67412.33
1772035200,67412.32,69550.0,67404.0,69038.26
1772049600,69038.26,69988.83,67600.0,67988.04
1772064000,67988.04,68700.0,67727.52,68216.86
1772078400,68216.87,68860.0,67817.87,67825.04
1772092800,67825.05,68722.64,67792.0,68051.31
1772107200,68051.3,68303.83,66761.16,67382.0
1772121600,67382.0,67903.12,66500.0,67589.22
1772136000,67589.21,67831.11,67150.14,67485.18
1772150400,67485.19,67712.16,66885.0,67600.84
1772164800,67600.84,68216.8,67459.3,67690.6
1772179200,67690.6,68149.93,65960.01,66126.99
1772193600,66126.99,66344.9,65649.34,66095.4
1772208000,66095.4,66121.03,65113.72,65392.18
1772222400,65392.18,65953.2,64914.46,65872.1
1772236800,65872.09,66025.52,65721.13,65797.42
1772251200,65797.42,65818.44,63030.0,63826.0
1772265600,63825.99,64307.44,63372.1,63844.2
1772280000,63844.2,65360.51,63827.2,64841.18
1772294400,64841.17,66666.65,64681.81,66362.01
1772308800,66362.01,67760.0,66190.61,66973.26
1772323200,66973.26,68199.99,66042.72,67502.16
1772337600,67502.16,67612.14,66749.35,67141.39
1772352000,67141.4,67292.3,66215.71,66468.03
1772366400,66468.04,67360.57,66132.27,66842.42
1772380800,66842.42,67112.37,65699.98,65962.17
1772395200,65962.16,66491.43,65056.0,65776.47
1772409600,65776.48,67079.0,65761.04,66820.03
1772424000,66820.03,66995.64,65542.6,66007.52
1772438400,66007.8,66720.84,65654.54,66359.68
1772452800,66359.67,69617.74,65259.21,69130.2
1772467200,69130.2,70096.0,68576.18,68966.53
1772481600,68966.52,69539.77,68584.9,68830.06
1772496000,68830.06,69258.08,68210.71,68377.94
1772510400,68377.94,68617.42,67800.0,68172.8
1772524800,68172.79,68311.83,66340.14,67026.61
1772539200,67026.6,67973.2,66158.0,67725.81
1772553600,67725.82,68999.0,67473.09,68435.0
1772568000,68435.0,68860.0,67832.3,68338.0
1772582400,68338.01,68909.34,67400.0,67732.2
1772596800,67732.19,69668.0,67467.6,69493.13
1772611200,69493.14,71893.0,69098.91,71111.4
1772625600,71111.4,73479.75,70588.0,73396.88
1772640000,73396.87,74050.0,72541.69,73611.1
1772654400,73611.67,73716.0,72313.04,72666.77
1772668800,72666.77,73306.82,72336.76,72497.89
1772683200,72497.89,73081.08,71759.95,72055.5
1772697600,72055.5,73558.15,71757.17,72915.79
1772712000,72915.8,73063.38,71168.65,71652.77
1772726400,71652.77,71654.65,70645.47,70918.07
1772740800,70918.08,71572.3,70777.0,70890.72
1772755200,70891.02,71419.98,70344.03,71080.38
1772769600,71080.37,71192.76,70143.19,71056.44
1772784000,71056.44,71067.58,70184.01,70212.95
1772798400,70212.94,70341.76,68176.47,68504.71
1772812800,68504.71,68795.44,67744.78,68131.79
1772827200,68131.79,68440.92,67777.0,68114.02
1772841600,68114.02,68551.04,68060.6,68095.5
1772856000,68095.5,68147.73,67446.41,67842.67
1772870400,67842.67,68232.27,67720.98,68010.01
1772884800,68010.0,68085.41,67609.44,67877.45
1772899200,67877.45,67935.01,66915.26,67080.34
1772913600,67080.33,67483.05,67068.01,67262.91
1772928000,67262.91,67481.96,66833.58,67000.26
1772942400,67000.26,67465.11,66547.15,67319.91
1772956800,67319.9,68200.0,67156.93,67515.0
1772971200,67515.0,67650.94,66761.68,67218.23
1772985600,67218.23,67485.24,66745.54,67337.42
1773000000,67337.41,67609.08,65618.49,65971.2
1773014400,65971.2,67668.64,65821.97,67205.05
1773028800,67205.06,68069.29,66853.48,67555.13
1773043200,67555.13,68460.09,67344.45,67764.98
1773057600,67764.99,69480.0,67759.57,68863.66
1773072000,68863.67,69516.65,68179.12,68991.93
1773086400,68991.93,69145.28,68384.69,68432.16
1773100800,68432.16,70578.29,68391.41,69429.85
1773115200,69429.85,70546.74,69429.85,70406.01
1773129600,70406.01,71300.0,70369.0,70580.94
1773144000,70580.95,71777.0,69266.06,71346.16
1773158400,71346.17,71700.0,69739.0,70043.63
1773172800,70043.63,70417.3,69452.42,69948.63
1773187200,69948.64,70173.25,69488.7,69551.91
1773201600,69551.91,70281.87,69420.0,69648.29
1773216000,69648.28,69786.32,69150.28,69173.0
1773230400,69172.99,71091.18,68977.91,70227.91
1773244800,70227.92,71321.0,70161.78,70641.82
1773259200,70641.81,70950.0,70125.83,70191.86
1773273600,70191.86,70353.87,69226.52,69446.61
1773288000,69446.61,69865.98,69205.91,69826.19
1773302400,69826.19,70800.0,69580.0,70427.91
1773316800,70427.9,70660.69,69355.34,70334.88
1773331200,70334.89,70569.15,69770.85,70432.32
1773345600,70432.33,70734.25,70013.17,70541.34
1773360000,70541.34,72000.0,70386.01,71405.75
1773374400,71405.76,71672.76,71180.19,71612.22
1773388800,71612.23,72575.98,71385.28,72228.82
1773403200,72228.81,73913.74,71736.34,71831.46
1773417600,71831.46,72249.99,70841.23,71189.95
1773432000,71189.96,71491.03,70559.02,70930.0
1773446400,70930.01,71185.23,70481.7,71081.3
1773460800,71081.31,71307.92,70317.0,70596.68
1773475200,70596.68,70784.38,70389.08,70751.42
1773489600,70751.42,70941.17,70501.0,70580.09
1773504000,70580.09,70740.34,70500.0,70700.0
1773518400,70699.99,71253.17,70650.09,71211.95
1773532800,71211.95,71634.08,70858.82,71363.14
1773547200,71363.13,71800.68,71330.66,71453.59
1773561600,71453.59,71940.49,71453.59,71839.42
1773576000,71839.41,71839.42,71263.99,71481.24
1773590400,71481.24,71989.93,71320.08,71549.94
1773604800,71549.94,73199.0,71433.75,72815.24
1773619200,72815.25,74330.34,72270.41,73573.32
1773633600,73573.31,74451.03,73385.18,73456.68
1773648000,73456.69,73838.76,72888.8,73552.77
1773662400,73552.78,74509.52,72990.52,73274.76
1773676800,73274.75,74418.6,73160.66,73963.0
1773691200,73963.0,74909.08,73863.2,74884.67
1773705600,74884.67,76000.0,74268.73,74463.98
1773720000,74463.98,74712.89,73784.0,74249.32
1773734400,74249.32,74452.97,73560.98,74033.11
1773748800,74033.1,74893.94,73399.19,73914.39
1773763200,73914.4,74800.0,73855.24,74512.17
1773777600,74511.21,74799.0,73871.74,73909.36
1773792000,73909.37,74672.34,73535.36,74446.14
1773806400,74446.14,74486.3,73700.01,73883.8
1773820800,73883.8,74281.33,72800.0,72952.85
1773835200,72952.85,72981.79,70857.21,71467.82
1773849600,71467.82,72000.5,70933.85,71072.38
1773864000,71072.38,71451.22,70500.0,71246.54
1773878400,71246.55,71613.79,70902.37,71215.39
1773892800,71215.39,71215.39,69478.51,70191.17
1773907200,70191.16,70560.91,69900.0,69952.75
1773921600,69952.75,70179.53,68793.35,69412.51
1773936000,69412.52,70596.42,69122.03,70271.99
1773950400,70272.0,70695.6,69718.23,69930.0
1773964800,69930.01,70809.43,69837.1,70729.92
1773979200,70729.93,70969.71,70160.06,70854.66
1773993600,70854.66,71367.0,70218.68,70478.71
1774008000,70478.71,70685.63,69480.0,69860.09
1774022400,69860.09,70190.18,69388.0,70177.86
1774036800,70177.85,70923.75,69754.71,70510.73
1774051200,70510.73,70826.0,70431.67,70657.35
1774065600,70657.35,70879.76,70617.05,70727.33
1774080000,70727.33,70753.79,70492.02,70652.72
1774094400,70652.73,71100.94,70453.09,70630.02
1774108800,70630.02,70652.64,70210.0,70396.0
1774123200,70396.01,70516.82,68571.42,68918.12
1774137600,68918.12,69588.79,68228.5,69339.99
1774152000,69340.0,69526.85,68892.93,68919.38
1774166400,68919.37,68990.67,68110.55,68217.95
1774180800,68217.94,69005.71,68199.04,68847.96
1774195200,68847.97,68885.53,68145.01,68199.93
1774209600,68199.93,68498.4,67360.66,67859.0
1774224000,67859.0,68585.12,67445.18,68074.6
1774238400,68074.6,68915.4,67502.48,68333.16
1774252800,68333.16,71499.0,67916.14,70122.15
1774267200,70122.15,71817.09,69671.95,70131.48
1774281600,70131.48,71246.01,70131.47,70679.05
1774296000,70679.04,70998.0,70404.39,70906.45
1774310400,70906.45,71099.96,70278.46,70542.9
1774324800,70542.9,71400.0,70119.06,71291.7
1774339200,71291.7,71368.61,70850.11,71157.77
1774353600,71157.77,71177.66,69507.34,69873.04
1774368000,69873.04,70001.92,68923.07,69377.33
1774382400,69377.33,70832.54,69296.15,70556.74
1774396800,70556.74,71100.28,70408.0,70716.7
1774411200,70716.7,71345.0,70703.83,70926.88
1774425600,70926.88,72026.09,70800.0,71678.97
1774440000,71678.97,71963.71,70530.47,70832.99
1774454400,70832.99,71752.88,70681.07,70883.31
1774468800,70883.32,71594.11,70646.34,71336.53
1774483200,71336.53,71436.82,70672.37,70921.47
1774497600,70921.47,70921.47,69805.0,70087.44
1774512000,70087.44,70144.44,69192.96,69276.01
1774526400,69276.01,69877.45,68632.4,69082.64
1774540800,69082.64,69162.0,68153.0,68534.36
1774555200,68534.37,69478.42,68436.74,68820.31
1774569600,68820.31,69179.05,68531.37,68767.51
1774584000,68767.5,68955.53,68304.14,68540.48
1774598400,68540.49,68635.07,66231.96,66702.78
1774612800,66702.78,66773.25,65730.17,66112.82
1774627200,66112.82,66290.0,65548.25,66040.66
1774641600,66040.65,66420.75,65817.44,66407.28
1774656000,66407.28,66520.46,65932.09,66240.0
1774670400,66240.0,66573.61,66110.0,66561.48
1774684800,66561.49,66570.09,66124.4,66319.47
1774699200,66319.46,67288.94,66240.87,67014.91
1774713600,67014.92,67096.77,66704.0,66916.52
1774728000,66916.52,67010.0,66283.38,66377.03
1774742400,66377.04,67130.5,66281.4,66912.0
1774756800,66912.0,66936.6,66556.78,66671.0
1774771200,66671.0,66988.01,66418.0,66816.28
1774785600,66816.29,66875.24,66334.37,66523.0
1774800000,66523.01,66665.05,66158.26,66348.62
1774814400,66348.61,66793.83,65000.0,66010.93
1774828800,66010.93,67450.0,65800.59,67173.8
1774843200,67173.8,67800.0,67167.92,67624.39
1774857600,67624.39,68042.3,67360.41,67680.45
1774872000,67680.44,68169.65,67088.73,67629.4
1774886400,67629.4,67641.65,66233.13,66550.05
1774900800,66550.06,66994.17,66419.79,66797.37
1774915200,66797.38,68408.37,66544.51,67704.74
1774929600,67704.74,67979.38,67103.32,67367.69
1774944000,67367.7,67496.0,65998.05,66685.69
1774958400,66685.69,67767.87,66427.53,66736.8
1774972800,66736.79,68589.49,66729.28,67838.8
1774987200,67838.79,68410.3,67831.7,68284.48
1775001600,68284.49,68378.64,67578.75,68170.67
1775016000,68170.67,69310.0,68005.33,68692.0
1775030400,68692.0,68851.35,68389.21,68712.52
1775044800,68712.52,68965.0,67918.83,68918.52
1775059200,68918.52,69171.77,67939.28,68176.84
1775073600,68176.84,68534.0,67964.48,68113.92
1775088000,68113.92,68653.38,66500.0,66576.25
1775102400,66576.25,66961.26,66217.07,66930.79
1775116800,66930.79,66930.79,66167.1,66220.28
1775131200,66220.28,67104.86,65712.12,66852.91
1775145600,66852.91,67430.99,66596.8,66975.99
1775160000,66976.0,67100.0,66731.08,66901.99
1775174400,66901.99,67000.0,66282.0,66579.97
1775188800,66579.98,67247.38,66416.68,67042.08
1775203200,67042.08,67288.0,66674.72,67017.44
1775217600,67017.43,67370.42,66508.1,66827.15
1775232000,66827.15,67069.0,66751.86,66885.74
1775246400,66885.73,66970.18,66826.13,66964.3
1775260800,66964.29,66968.28,66814.0,66832.18
1775275200,66832.18,67052.99,66775.91,67014.96
1775289600,67014.95,67232.72,66918.0,67156.93
1775304000,67156.93,67562.93,67029.07,67383.66
1775318400,67383.66,67543.6,67265.0,67288.42
1775332800,67288.42,67504.54,67186.62,67300.42
1775347200,67300.42,67307.28,66955.72,67145.98
1775361600,67145.98,67188.51,66611.66,66820.64
1775376000,66820.64,67150.0,66819.42,66999.0
1775390400,66998.99,67856.16,66680.57,67306.64
1775404800,67306.65,67560.45,67173.4,67361.01
1775419200,67361.01,69136.2,67332.66,69034.18
1775433600,69034.18,69588.0,68776.61,69123.69
1775448000,69123.69,69354.26,68806.53,69115.91
1775462400,69115.91,70283.32,69081.88,69614.91
1775476800,69614.91,69973.25,69163.86,69968.87
1775491200,69968.87,70351.46,69282.02,69739.53
1775505600,69739.52,69974.08,68300.0,68853.66
1775520000,68853.66,69128.2,68273.34,68779.21
1775534400,68779.2,68981.83,68443.0,68624.61
1775548800,68624.6,69247.9,68071.96,68345.75
1775563200,68345.75,68633.87,67732.01,68168.1
1775577600,68168.11,69098.44,68085.01,69011.29
1775592000,69011.29,72761.0,69011.29,71924.22
1775606400,71924.22,72110.65,71240.99,71287.39
1775620800,71287.39,71941.42,71287.38,71627.59
1775635200,71627.59,71955.0,71407.77,71675.12
1775649600,71675.12,72857.0,70707.23,71310.0
1775664000,71309.99,71963.94,71019.0,71318.48
1775678400,71318.47,71748.0,70901.89,71069.93
1775692800,71069.93,71198.8,70466.0,70992.39
1775707200,70992.37,71116.0,70689.38,70982.01
1775721600,70982.01,71575.0,70865.42,71150.17
1775736000,71150.17,72358.0,70522.77,72141.99
1775750400,72142.0,72550.0,71729.66,72096.32
1775764800,72096.33,73145.0,71585.25,71787.97
1775779200,71787.98,72387.0,71573.35,71868.67
1775793600,71868.67,72267.89,71428.0,71481.85
1775808000,71481.85,72261.93,71426.15,72127.59
1775822400,72127.59,73289.96,71899.51,72460.51
1775836800,72460.52,73264.76,72387.41,73236.11
1775851200,73236.11,73434.0,72700.6,72962.7
1775865600,72962.71,73094.89,72670.0,72866.63
1775880000,72866.62,72954.28,72612.16,72745.38
1775894400,72745.38,72915.95,72617.75,72907.05
1775908800,72907.05,72982.4,72513.09,72858.17
1775923200,72858.18,73790.0,72812.94,73687.15
1775937600,73687.16,73689.97,72907.4,73043.16
1775952000,73043.16,73137.24,71310.0,71593.19
1775966400,71593.18,71781.0,71417.22,71665.0
1775980800,71664.99,71805.85,71357.76,71468.55
1775995200,71468.54,71500.0,70604.07,70892.03
1776009600,70892.04,71222.58,70821.05,71084.18
1776024000,71084.18,71452.0,70505.88,70740.98
1776038400,70741.56,71271.78,70615.3,70976.0
1776052800,70975.99,71144.0,70672.72,70813.88
1776067200,70813.88,70997.12,70566.99,70929.68
1776081600,70929.68,72464.28,70758.5,71866.59
1776096000,71866.59,73480.0,71679.8,73322.82
1776110400,73322.0,74900.0,73007.08,74417.99
1776124800,74418.0,74579.32,73954.86,74444.43
1776139200,74444.44,74924.64,74150.6,74546.0
1776153600,74545.99,74910.0,74307.35,74376.52
1776168000,74376.52,76038.0,74277.19,75317.07
1776182400,75317.06,75688.0,73795.47,74223.18
1776196800,74223.3,74434.33,73806.09,74131.55
1776211200,74131.55,74786.72,74126.32,74345.97
1776225600,74345.98,74434.51,73514.0,73730.43
1776240000,73730.43,74256.44,73675.96,74201.78
1776254400,74201.78,74506.84,73580.85,73844.08
1776268800,73844.07,75281.0,73762.89,75002.6
1776283200,75002.6,75425.0,74512.06,74809.99
1776297600,74809.99,75267.85,74451.49,74888.21
1776312000,74888.21,75174.38,74636.0,74707.03
1776326400,74707.02,74901.5,74277.34,74574.79
1776340800,74574.8,75030.39,73309.85,74697.19
1776355200,74697.2,75410.71,73912.23,75342.99
1776369600,75343.0,75534.76,74789.5,75154.29
1776384000,75154.28,75154.77,74529.4,74615.82
1776398400,74615.82,75089.51,74555.12,75074.77
1776412800,75074.76,76370.25,74993.24,75589.7
1776427200,75589.7,78052.49,75531.97,77785.02
1776441600,77785.03,78333.0,77000.0,77393.58
1776456000,77393.58,77611.68,76911.0,77072.0
1776470400,77072.01,77420.08,76962.67,77005.47
1776484800,77005.47,77278.58,76884.1,76997.8
1776499200,76997.79,77048.0,75763.76,76039.05
1776513600,76039.06,76363.75,75797.53,76167.34
1776528000,76167.33,76211.57,75445.16,75649.85
1776542400,75649.86,75891.64,75599.64,75691.76
1776556800,75691.76,75847.42,75357.0,75515.77
1776571200,75515.76,75782.63,74867.72,75252.34
1776585600,75252.33,75641.99,74921.74,75604.11
1776600000,75604.11,76240.66,75401.44,75846.63
1776614400,75846.63,75853.26,74608.0,74965.47
1776628800,74965.46,74965.47,73762.9,73801.79
1776643200,73801.8,74746.93,73724.31,74634.0
1776657600,74634.01,75572.0,74095.18,74837.17
1776672000,74837.18,75404.63,74619.41,75192.71
1776686400,75192.72,75772.72,74702.0,75716.77
1776700800,75716.78,76486.67,75289.92,76296.96
1776715200,76296.97,76558.62,75617.6,75840.97
1776729600,75840.97,76263.4,75474.77,75710.3
1776744000,75710.31,76300.0,75600.0,76084.34
1776758400,76084.34,76927.57,76063.98,76452.94
1776772800,76452.94,76595.3,75430.62,75834.65
1776787200,75834.66,76190.72,74821.57,75023.43
1776801600,75023.43,76425.37,74967.58,76336.15
1776816000,76336.14,77733.11,76132.95,77521.48
1776830400,77521.47,78452.18,77364.25,78012.79
1776844800,78012.78,78399.0,77941.59,78300.0
1776859200,78300.0,79400.0,78114.04,79272.9
1776873600,79272.91,79472.82,78632.37,78846.62
1776888000,78846.62,78915.84,78155.83,78178.23
1776902400,78178.22,78574.44,77453.43,77746.46
1776916800,77746.47,78339.35,77675.8,78048.62
1776931200,78048.61,78175.52,77174.01,77704.62
1776945600,77704.61,78662.5,77379.92,78376.76
1776960000,78376.77,78509.82,76960.0,77727.26
1776974400,77727.25,78331.0,77637.5,78257.48
1776988800,78257.48,78581.93,77555.0,77737.85
1777003200,77737.84,78057.65,77457.0,77644.6
1777017600,77644.59,78372.58,77402.01,78240.26
1777032000,78240.27,78479.37,77577.22,78038.62
1777046400,78038.63,78060.29,77363.63,77628.85
1777060800,77628.84,77757.14,77264.08,77437.13
1777075200,77437.13,77711.87,77309.92,77679.07
1777089600,77679.08,77691.23,77450.0,77501.19
1777104000,77501.19,77885.35,77491.36,77682.3
1777118400,77682.29,77752.54,77299.89,77330.26
1777132800,77330.25,77454.31,77140.23,77330.01
1777147200,77330.0,77650.0,77311.05,77625.0
1777161600,77625.0,77642.43,77326.51,77400.21
1777176000,77400.21,78200.0,77383.46,78102.53
1777190400,78102.53,78210.0,77926.59,78101.44
1777204800,78101.43,78173.15,77770.0,78049.0
1777219200,78049.0,78500.0,77850.0,78221.16
1777233600,78221.17,78961.0,77843.75,78657.55
1777248000,78657.55,79485.66,78400.03,79105.49
1777262400,79105.5,79160.0,77465.05,77606.6
1777276800,77606.59,77980.0,77553.23,77844.26
1777291200,77844.25,78265.34,76564.33,76793.09
1777305600,76793.1,76990.43,76459.64,76878.07
1777320000,76878.23,77450.0,76763.71,77371.32
1777334400,77371.32,77478.0,76672.0,76815.18
1777348800,76815.18,77154.0,76424.9,76879.28
1777363200,76879.28,77013.63,76130.1,76229.0
1777377600,76228.99,76421.94,75666.6,76066.38
1777392000,76066.37,76380.83,75881.28,76330.97
1777406400,76330.97,76481.3,76197.02,76342.77
1777420800,76342.78,77127.62,76187.75,76994.78
1777435200,76994.77,77455.71,76880.0,77053.64
1777449600,77053.65,77904.93,76972.32,77590.03
1777464000,77590.04,77596.39,75705.32,75924.25
1777478400,75924.24,76274.8,74937.52,75563.86
1777492800,75563.87,76088.9,75497.43,75780.0
1777507200,75780.0,76473.26,75494.7,75928.1
1777521600,75928.09,76179.91,75323.65,76161.67
1777536000,76161.67,76339.38,75876.29,76059.43
1777550400,76059.42,76669.14,76042.75,76473.6
1777564800,76473.6,76514.8,76111.0,76412.8
1777579200,76412.8,76568.9,76206.02,76346.57
1777593600,76346.58,77453.74,76320.42,77131.08
1777608000,77131.08,77206.38,76653.6,77130.54
1777622400,77130.54,77600.0,77048.0,77463.98
1777636800,77463.98,78914.12,77408.73,78445.89
1777651200,78445.88,78683.23,78131.02,78360.0
1777665600,78360.01,78422.81,77752.0,78231.13
1777680000,78231.13,78514.82,78166.48,78400.0
1777694400,78399.99,78448.99,78040.0,78220.0
1777708800,78220.0,78394.0,78094.43,78143.08
1777723200,78143.09,78487.68,78108.41,78487.67
1777737600,78487.67,78596.61,78310.54,78486.0
1777752000,78486.23,79199.48,78418.32,78686.85
1777766400,78686.84,78754.55,78108.75,78203.08
1777780800,78203.07,78483.67,78084.08,78363.25
1777795200,78363.24,78849.22,78354.53,78656.01
1777809600,78656.01,78878.77,78586.99,78668.36
1777824000,78668.36,78853.32,78558.65,78760.32
1777838400,78760.32,79447.0,78484.42,78568.57
1777852800,78568.58,80458.0,78288.88,80316.31
1777867200,80316.3,80635.51,79500.0,79696.75
1777881600,79696.75,79930.0,78202.0,78793.67
1777896000,78793.67,80545.17,78500.0,80028.85
1777910400,80028.85,80776.99,79619.33,80053.31
1777924800,80053.31,80397.19,79744.91,79861.01
1777939200,79861.01,81083.98,79808.72,80893.08
1777953600,80893.08,81323.52,80725.0,80855.59
1777968000,80855.59,81095.48,80527.76,81014.05
1777982400,81014.05,81712.32,80932.54,81525.19
1777996800,81525.19,81680.0,81050.04,81606.35
1778011200,81606.35,81791.48,80790.0,80905.52
1778025600,80905.53,81760.84,80731.14,81581.69
1778040000,81581.7,81649.99,81060.0,81359.82
1778054400,81359.82,82850.0,81328.68,82522.89
1778068800,82522.88,82539.33,81136.0,81704.25
1778083200,81704.25,81907.51,81200.0,81464.87
1778097600,81464.86,81700.0,81000.0,81447.01
1778112000,81447.01,81490.03,80830.23,80834.91
1778126400,80834.92,81708.32,80725.09,81518.58
1778140800,81518.57,81590.0,80572.4,80866.65
1778155200,80866.65,81180.0,79699.52,79890.63
1778169600,79890.0,80269.06,79500.0,80146.11
1778184000,80146.77,80371.23,79582.95,80006.0
1778198400,80006.0,80142.84,79181.48,79578.85
1778212800,79578.84,79778.95,79248.58,79682.4
1778227200,79682.4,80340.94,79666.05,80231.22
1778241600,80231.22,80500.0,79549.54,80142.14
1778256000,80142.13,80299.99,79738.75,80179.94
1778270400,80180.0,80409.09,80089.76,80193.17
1778284800,80193.18,80550.67,80129.85,80383.95
1778299200,80383.96,80666.66,80135.0,80228.89
1778313600,80228.88,80452.44,80166.26,80345.46
1778328000,80345.47,80600.0,80234.0,80527.92
1778342400,80527.92,81080.0,80487.4,80938.53
1778356800,80938.53,80938.53,80621.88,80678.4
1778371200,80678.41,80887.15,80572.77,80775.0
1778385600,80774.99,80840.0,80658.97,80736.03
1778400000,80736.03,80975.4,80691.0,80821.21
1778414400,80821.21,81442.81,80784.2,81418.01
1778428800,81418.01,81583.11,81148.0,81437.83
1778443200,81437.83,82479.32,80279.77,82210.07
1778457600,82210.07,82380.0,80525.0,80736.01
1778472000,80736.0,81049.51,80639.99,80740.4
1778486400,80740.4,81200.0,80621.87,81196.94
1778500800,81196.95,81458.0,80462.97,81445.9
1778515200,81445.89,82137.26,81344.72,81961.99
1778529600,81961.99,82078.91,81596.31,81745.65
1778544000,81745.66,81788.0,80714.28,81058.8
1778558400,81058.79,81305.24,80800.77,80865.4
1778572800,80865.4,80964.13,80496.57,80784.87
1778587200,80784.86,80999.0,80188.65,80336.01
1778601600,80336.01,80874.42,79843.59,80834.64
1778616000,80835.3,80896.25,80439.91,80504.47
1778630400,80504.47,81299.99,80412.15,81249.99
1778644800,81249.99,81281.07,80889.12,81026.92
1778659200,81026.92,81324.64,80494.98,80501.22
1778673600,80501.22,80592.65,78807.22,78827.21
1778688000,78827.21,79800.0,78754.65,79642.41
1778702400,79642.41,79760.0,79228.0,79313.61
1778716800,79313.61,79681.73,78922.0,79044.85
1778731200,79044.86,79998.0,78982.06,79745.98
1778745600,79745.99,79936.98,79234.0,79258.27
1778760000,79258.27,81332.23,79230.31,81301.23
1778774400,81301.22,82048.13,81080.25,81419.74
1778788800,81419.75,81590.19,81059.93,81089.99
1778803200,81090.0,81664.45,80750.0,81059.15
1778817600,81059.15,81100.0,80314.0,80814.88
1778832000,80814.88,80822.95,80369.0,80628.53
1778846400,80628.52,80635.44,78659.0,79150.27
1778860800,79150.26,79561.94,79051.0,79146.5
1778875200,79146.5,79217.07,78911.42,79113.21
1778889600,79113.2,79227.77,79010.0,79083.18
1778904000,79083.19,79129.71,78066.0,78369.77
1778918400,78369.78,78530.52,77640.0,78081.71
1778932800,78080.46,78346.0,77833.4,78238.67
1778947200,78238.68,78364.65,78119.72,78259.66
1778961600,78259.67,78318.94,78125.32,78148.05
1778976000,78148.05,78243.19,77721.19,78028.88
1778990400,78028.88,78323.96,78003.35,78180.01
1779004800,78180.0,78599.99,78033.01,78415.99
1779019200,78415.99,78550.0,77850.0,78051.41
1779033600,78051.42,78468.46,77856.69,78415.3
1779048000,78415.29,78485.36,76735.16,77457.67
1779062400,77457.67,77477.99,76707.61,76924.65
1779076800,76924.66,77089.29,76583.33,77073.69
1779091200,77073.69,77403.48,76668.58,77285.83
1779105600,77285.83,77800.0,76051.0,76409.46
1779120000,76409.46,76995.0,76144.24,76928.0
1779134400,76928.0,77222.79,76800.0,77001.87
1779148800,77001.88,77414.62,76487.83,76787.11
1779163200,76787.1,77278.57,76644.98,77233.69
1779177600,77233.68,77317.02,76633.83,76714.62
1779192000,76714.61,77048.72,76144.71,76521.23
1779206400,76521.24,77065.8,76407.72,76818.74
1779220800,76818.73,77040.83,76642.95,76834.36
1779235200,76834.36,76922.46,76516.74,76723.54
1779249600,76723.55,77472.21,76692.0,77282.64
1779264000,77282.65,77663.0,77210.33,77382.49
1779278400,77382.5,77853.04,76891.61,77455.46
1779292800,77455.45,77713.66,77018.38,77667.49
1779307200,77667.49,77766.6,77226.61,77552.23
1779321600,77552.24,78173.15,77525.0,78078.72
1779336000,78078.72,78180.01,77521.0,77889.01
1779350400,77889.01,78200.0,77147.15,77189.1
1779364800,77189.1,77402.12,76719.47,77259.46
1779379200,77259.45,78098.16,77008.75,77690.56
1779393600,77690.56,77813.35,77534.43,77615.52
1779408000,77615.52,77817.8,77327.28,77779.98
1779422400,77779.98,77900.0,77288.77,77408.06
1779436800,77408.07,77535.0,77184.45,77428.84
1779451200,77428.83,77584.94,76570.0,76790.59
1779465600,76790.6,77093.72,75668.76,75860.44
1779480000,75860.44,76087.85,75359.18,75539.5
1779494400,75539.5,75664.62,75220.0,75635.22
1779508800,75635.22,75650.63,74289.6,74609.36
1779523200,74609.37,74873.55,74303.56,74789.99
1779537600,74789.99,75726.3,74660.05,75520.0
1779552000,75519.99,76012.22,75371.72,75983.45
1779566400,75983.45,77404.18,75953.94,76752.01
1779580800,76752.0,77011.62,76629.02,76750.0
1779595200,76750.01,77065.94,76651.59,76799.99
1779609600,76799.99,77543.15,76734.42,77320.06
1779624000,77320.06,77325.72,76195.36,76371.59
1779638400,76371.59,76799.99,76371.59,76773.34
1779652800,76773.33,77225.97,76108.0,77064.96
1779667200,77064.96,77485.0,76914.25,77026.67
1779681600,77026.68,77650.0,76990.78,77401.12
1779696000,77401.11,77699.97,77280.32,77357.5
1779710400,77357.5,77905.52,77286.5,77628.82
1779724800,77628.82,77807.29,77343.61,77441.86
1779739200,77441.85,77500.0,77019.82,77322.01
1779753600,77322.01,77345.0,76475.59,76664.01
1779768000,76664.0,77059.74,76603.73,76730.84
1779782400,76730.84,77621.75,76586.94,77183.55
1779796800,77183.56,78080.0,76272.63,76518.1
1779811200,76518.1,76710.01,75779.3,76052.0
1779825600,76052.0,76180.0,75677.97,75930.01
1779840000,75930.01,76104.02,75607.62,75683.0
1779854400,75683.0,75980.0,75310.9,75977.17
1779868800,75977.16,76071.41,75710.76,75769.18
1779883200,75769.18,76174.15,74758.33,75326.01
1779897600,75326.02,75408.01,74663.45,75066.08
1779912000,75066.09,75415.81,74243.99,74449.3
1779926400,74449.31,74590.77,73060.59,73258.01
1779940800,73258.0,73512.14,72728.85,73498.0
1779955200,73498.0,73616.0,73193.13,73505.66
1779969600,73505.65,73580.75,72582.82,72928.73
1779984000,72928.73,73749.69,72741.4,73419.32
1779998400,73419.31,73949.22,73241.48,73617.51
1780012800,73617.52,73868.33,73189.11,73301.52
1780027200,73301.53,73939.19,73210.21,73528.56
1780041600,73528.55,73902.85,73341.85,73487.98
1780056000,73487.98,74200.0,72512.49,73808.26
1780070400,73808.25,74514.1,73187.25,73520.28
1780084800,73520.29,73844.0,73320.0,73460.78
1780099200,73460.78,73796.43,73408.62,73524.01
1780113600,73524.01,73709.91,73216.0,73548.6
1780128000,73548.6,73680.75,73500.02,73602.02
1780142400,73602.01,74100.0,73594.4,73930.14
1780156800,73930.13,74143.76,73811.3,74016.65
1780171200,74016.64,74054.0,73781.3,73884.38
1780185600,73884.38,74275.66,73858.56,74150.64
1780200000,74150.64,74221.33,73836.0,73871.24
1780214400,73871.25,74024.0,73699.2,73937.79
1780228800,73937.63,74023.99,73483.05,73655.21
1780243200,73655.2,73734.0,73400.0,73563.42
1780257600,73563.41,74198.0,73500.0,73674.39
1780272000,73674.39,74092.0,73222.0,73769.06
1780286400,73769.06,73841.37,72704.0,72818.0
1780300800,72818.0,73095.64,72290.0,72479.99
1780315200,72480.0,72610.0,71066.33,71129.62
1780329600,71129.62,71800.73,70686.68,71595.24
1780344000,71595.24,71690.0,70840.9,71408.9
1780358400,71408.9,71408.9,70111.0,70953.69
1780372800,70953.7,71048.0,69733.0,70118.42
1780387200,70118.42,70172.0,69324.65,69461.72
1780401600,69461.73,69548.13,67076.0,67304.28
1780416000,67304.29,68146.3,66432.0,67315.14
1780430400,67315.14,67923.24,66193.0,66760.83
1780444800,66760.84,67204.15,65426.34,65849.9
1780459200,65849.9,67516.0,65834.0,67220.03
1780473600,67220.03,67476.69,66656.48,67067.37
1780488000,67067.37,67244.62,66076.0,66076.01
1780502400,66076.01,66373.18,65251.0,65462.0
1780516800,65461.99,65860.0,64092.49,64142.75
1780531200,64142.75,64540.3,61383.56,64363.49
1780545600,64363.49,64764.32,63492.89,63603.15
1780560000,63603.15,63904.63,62205.0,62545.99
1780574400,62546.0,64494.92,62392.0,63896.17
1780588800,63896.16,64163.93,62944.91,63629.38
1780603200,63629.38,63918.0,63106.04,63885.99
1780617600,63885.99,63978.0,62339.0,62730.0
1780632000,62730.0,63688.0,61126.01,63115.99
1780646400,63115.99,63259.9,61964.98,61964.99
1780660800,61964.99,62457.86,60000.0,60438.01
1780675200,60438.0,61547.24,59130.91,60300.24
1780689600,60300.24,62000.0,59940.01,61056.47
1780704000,61056.47,61530.05,60520.0,60687.04
1780718400,60687.05,61276.95,59500.0,61004.95
1780732800,61004.95,61500.0,60198.0,60802.91
1780747200,60802.9,61185.26,60396.0,60784.0
1780761600,60784.01,60971.24,60393.96,60600.01
1780776000,60600.0,61000.0,60429.09,60884.62
1780790400,60884.62,61778.33,60746.0,61701.07
1780804800,61701.06,62416.26,61482.46,62404.73
1780819200,62404.72,62960.0,62259.37,62621.96
1780833600,62621.97,62643.97,61577.12,62093.99
1780848000,62093.99,62332.0,61184.0,61328.0
1780862400,61327.99,64234.68,61217.17,63332.01
1780876800,63332.01,63863.06,62720.86,63130.12
1780891200,63130.12,63350.0,62408.0,63283.99
1780905600,63284.0,63873.08,62992.01,63479.61
1780920000,63479.62,64200.0,62718.3,63774.48
1780934400,63774.48,64046.86,63268.01,63372.01
1780948800,63372.01,63850.0,62978.66,63085.99
1780963200,63086.0,63184.0,62423.07,62875.17
1780977600,62875.18,63526.01,62748.0,63198.44
1780992000,63198.44,63208.86,62498.75,62711.12
1781006400,62711.12,62895.18,61037.0,61131.84
1781020800,61131.85,62103.39,60780.0,62098.09
1781035200,62098.09,62272.0,61556.0,61730.0
1781049600,61730.0,61974.7,61235.29,61549.64
1781064000,61549.64,61813.34,61080.0,61687.56
1781078400,61687.56,61736.0,60755.0,61034.04
1781092800,61034.04,62857.99,60960.0,62639.23
1781107200,62639.23,62646.0,61588.8,61942.44
1781121600,61942.45,61949.21,61104.24,61510.99
1781136000,61510.99,62848.0,61510.99,62689.48
1781150400,62689.47,62997.53,62544.89,62719.39
1781164800,62719.39,63257.21,62719.38,63108.0
1781179200,63108.01,63239.43,62500.0,62749.44
1781193600,62749.44,63933.02,62348.0,63605.68
1781208000,63605.69,63700.0,63270.0,63625.99
1781222400,63626.0,63810.01,63301.53,63524.82
1781236800,63524.81,63863.98,62829.81,63100.8
1781251200,63100.8,63953.84,63100.8,63766.01
1781265600,63766.01,64394.44,63045.29,63593.02
1781280000,63593.02,64111.1,63510.16,63589.27
1781294400,63589.28,63696.41,63400.0,63580.01
1781308800,63580.0,63840.0,63418.66,63532.0
1781323200,63532.0,63883.47,63484.0,63846.0
1781337600,63845.99,63984.53,63726.57,63971.28
1781352000,63971.28,64350.0,63921.33,64296.15
1781366400,64296.15,64333.62,63920.05,64296.59
1781380800,64296.59,64762.77,64226.38,64458.01
1781395200,64458.01,64710.0,64380.7,64545.3
1781409600,64545.3,64563.48,64214.0,64429.39
1781424000,64429.39,64664.0,64321.18,64546.0
1781438400,64546.01,64560.66,63866.66,64025.07
1781452800,64025.06,64208.92,63678.83,63802.0
1781467200,63801.99,65800.0,63794.09,65746.45
1781481600,65746.45,65995.0,65354.0,65927.1
1781496000,65927.11,66000.0,65611.01,65674.76
1781510400,65674.76,66385.12,65512.0,66233.9
1781524800,66233.89,67292.15,66106.0,67292.14
1781539200,67292.15,67292.15,66348.0,66614.35
1781553600,66615.98,66681.3,66076.56,66328.74
1781568000,66328.74,66463.26,65650.0,66165.21
1781582400,66165.21,66572.99,65802.0,66372.0
1781596800,66372.0,66992.0,66345.06,66481.73
1781611200,66481.73,66818.0,65360.92,65859.76
1781625600,65859.76,66248.69,65560.0,65675.88
1781640000,65675.89,65938.0,65592.0,65675.01
1781654400,65675.02,66200.0,65477.5,65851.99
1781668800,65852.0,66048.19,65251.0,65539.5
1781683200,65539.51,65574.0,64565.0,64810.01
1781697600,64810.01,65855.66,64590.53,65752.0
1781712000,65751.99,66445.93,63998.35,64301.85
1781726400,64301.85,64529.2,63915.77,64509.4
1781740800,64509.4,64806.0,64267.86,64282.82
1781755200,64282.82,64510.5,63696.29,64510.44
1781769600,64510.45,64646.75,63878.14,63974.4
1781784000,63974.4,64445.19,62293.76,62369.44
1781798400,62369.43,63008.33,62272.07,62950.79
1781812800,62950.79,63274.19,62742.0,62958.01
1781827200,62958.01,63110.29,62386.9,62773.51
1781841600,62773.52,62917.32,62409.55,62629.99
1781856000,62630.0,62782.0,62316.44,62626.0
1781870400,62626.0,63419.27,62353.0,63214.01
1781884800,63214.01,63387.8,62866.99,63021.6
1781899200,63021.6,63666.0,62958.59,63543.91
1781913600,63543.9,63777.0,63320.14,63476.79
1781928000,63476.79,63907.07,63402.0,63655.21
1781942400,63655.21,63798.76,63392.41,63688.0
1781956800,63688.0,64388.0,63184.21,64160.04
1781971200,64160.04,64167.26,63730.21,63936.0
1781985600,63935.99,64350.0,63853.31,64298.01
1782000000,64298.01,64472.99,64206.17,64426.0
1782014400,64426.0,64588.0,64173.08,64191.07
1782028800,64191.06,64483.95,63900.17,64176.0
1782043200,64176.0,64355.88,63952.0,64224.0
1782057600,64224.0,64298.84,63933.47,64207.12
1782072000,64207.13,64271.21,63270.0,63311.99
1782086400,63312.0,64823.52,63312.0,63974.01
1782100800,63974.01,64397.57,63868.41,64211.19
1782115200,64211.2,64768.46,64044.0,64657.22
1782129600,64657.22,65622.83,64579.08,64836.95
1782144000,64836.95,64862.0,64276.0,64472.0
1782158400,64472.51,64659.43,63804.59,64020.01
1782172800,64020.01,64275.38,63828.93,64065.35
1782187200,64065.34,64095.55,62568.9,62886.03
1782201600,62886.04,62945.08,61938.0,62507.06
1782216000,62507.05,62855.98,61960.0,62487.79
1782230400,62487.79,62846.0,62104.7,62388.49
1782244800,62388.49,62799.99,62380.25,62734.57
1782259200,62734.57,63119.45,62461.87,62729.78
1782273600,62729.78,63073.44,62525.49,62657.99
1782288000,62658.0,63239.06,62318.88,62921.19
1782302400,62921.19,62973.2,60249.82,60250.0
1782316800,60250.0,60678.1,59102.7,59958.3
1782331200,59958.3,61276.0,59854.0,61077.99
1782345600,61078.0,61163.16,60684.94,60883.65
1782360000,60883.66,61962.4,60792.0,61911.04
1782374400,61911.03,61920.0,61066.0,61282.01
1782388800,61282.0,61761.35,58115.01,59557.99
1782403200,59557.99,60067.0,59139.96,59320.0
1782417600,59319.99,60273.81,59319.99,59794.0
1782432000,59794.64,60131.37,58337.0,60036.01
1782446400,60036.0,60759.99,59702.0,60532.0
1782460800,60532.0,60580.0,59239.78,59413.24
1782475200,59413.24,60500.0,58500.1,60328.32
1782489600,60328.18,60583.0,59556.0,59751.97
1782504000,59751.96,60117.64,59571.31,60097.27
1782518400,60097.27,60412.0,59876.22,60305.73
1782532800,60305.73,60574.0,60093.33,60548.07
1782547200,60548.06,60548.74,60198.94,60363.65
1782561600,60363.65,60941.17,60257.03,60840.06
1782576000,60840.06,60855.03,60085.88,60175.95
1782590400,60175.95,60482.18,59855.16,60029.0
1782604800,60029.01,60339.99,59986.0,60197.04
1782619200,60197.03,60259.68,59753.48,60219.99
1782633600,60220.0,60545.01,60068.0,60342.0
1782648000,60341.99,60457.02,59817.28,59890.0
1782662400,59890.35,59943.9,59270.26,59481.79
1782676800,59481.78,59906.0,58905.0,59577.01
1782691200,59577.01,60233.0,58900.01,60049.46
1782705600,60049.45,60346.27,59392.02,60026.0
1782720000,60026.01,60311.95,59745.46,59956.05
1782734400,59956.05,60780.57,59011.0,59824.01
1782748800,59824.01,60683.84,59584.48,60433.49
1782763200,60433.5,60585.99,60194.01,60260.21
1782777600,60260.2,60276.54,59600.0,59627.48
1782792000,59627.47,59712.88,59360.0,59524.01
1782806400,59524.01,59551.03,59123.01,59192.7
1782820800,59192.71,59276.6,58201.0,58381.99
1782835200,58382.0,58839.16,58241.79,58818.05
1782849600,58818.0,58874.99,58509.99,58624.71
1782864000,58624.71,59318.0,57800.19,59197.13
1782878400,59197.12,59457.0,58534.31,58768.65
1782892800,58768.64,59091.99,58500.0,58622.03
1782907200,58622.02,60536.55,58326.0,60147.15
1782921600,60147.15,60352.93,59787.35,60028.67
1782936000,60029.39,61334.0,59876.0,60024.0
1782950400,60024.0,61121.78,59588.0,61058.0
1782964800,61057.99,61058.0,60104.0,60149.99
1782979200,60149.99,61437.49,60132.51,61358.01
1782993600,61358.0,62200.0,61147.23,61612.93
1783008000,61612.93,61962.43,61108.99,61479.6
1783022400,61479.59,61653.43,61342.0,61560.0
1783036800,61560.0,61733.11,61248.86,61434.0
1783051200,61434.0,61864.99,61332.76,61750.47
1783065600,61750.47,62103.1,61510.01,62024.02
1783080000,62024.01,62400.0,61700.0,61922.72
1783094400,61922.71,62317.64,61911.65,62210.0
1783108800,62210.0,62979.86,62186.01,62583.26
1783123200,62583.26,62946.0,62404.25,62627.29
1783137600,62627.28,62749.97,62328.24,62576.0
1783152000,62576.0,62674.47,62415.87,62482.01
1783166400,62482.0,63075.46,62482.0,62943.29
1783180800,62943.29,63461.99,62786.0,63294.72
1783195200,63294.72,63448.0,62927.98,63144.01
1783209600,63144.01,63144.01,62596.08,62769.04
1783224000,62769.03,63059.99,62659.65,63020.21
1783238400,63020.21,63104.0,62436.59,62658.92
1783252800,62658.92,62943.59,62569.37,62740.01
1783267200,62740.01,62888.14,62590.02,62768.88
1783281600,62768.87,63999.0,62609.47,63650.0
1783296000,63650.01,63920.0,63136.01,63294.0
1783310400,63294.0,63402.77,62890.0,63089.42
1783324800,63089.42,63244.0,62483.83,62483.84
1783339200,62483.84,63550.0,61306.84,63545.98
1783353600,63545.98,63976.16,63386.01,63738.52
1783368000,63738.52,64700.0,63589.41,64042.02
1783382400,64042.93,64314.0,63150.0,63191.01
1783396800,63191.01,63445.7,62800.0,63083.18
1783411200,63083.19,63467.15,62984.58,63406.0
1783425600,63405.99,64105.0,62671.39,63930.51
1783440000,63930.5,64243.75,63379.69,63817.99
1783454400,63818.0,63901.75,63218.0,63363.99
1783468800,63364.0,63761.99,62525.47,62766.0
1783483200,62766.0,62901.49,62477.04,62888.35
1783497600,62888.34,62941.46,61743.83,62299.99
1783512000,62300.0,62451.08,61544.56,61704.01
1783526400,61704.01,62394.32,61692.0,62277.98
1783540800,62277.98,62350.63,61956.0,62290.0
1783555200,62290.01,62642.0,61705.29,61974.34
1783569600,61974.34,63283.26,61956.46,63000.0
1783584000,62999.99,63100.1,62614.66,62786.34
1783598400,62786.33,63261.0,62465.39,62868.05
1783612800,62868.06,63500.0,62559.59,63248.1
1783627200,63248.09,63418.0,63060.91,63230.0
1783641600,63230.01,64050.23,62926.01,63947.2
1783656000,63947.2,64200.0,63802.02,63963.0
1783670400,63963.0,64494.84,63962.99,64425.18
1783684800,64425.18,64692.83,63793.43,64040.0
1783699200,64039.99,64220.0,63732.66,63917.88
1783713600,63917.88,64222.61,63656.0,64161.72
1783728000,64161.72,64310.0,63984.07,64150.42
1783742400,64150.42,64278.0,64080.26,64162.18
1783756800,64162.18,64300.0,64129.99,64198.0
1783771200,64197.99,64504.11,63896.18,64175.75
1783785600,64175.75,64402.0,64084.0,64286.0
1783800000,64286.0,64463.83,63819.0,63819.0
1783814400,63819.01,64223.74,63702.16,64223.73
1783828800,64223.73,64245.87,63640.83,63885.27
1783843200,63885.28,64100.32,63764.0,64018.01
1783857600,64018.0,64290.11,63958.71,64176.0
1783872000,64176.0,64270.0,64018.69,64228.59
1783886400,64228.59,64254.0,63668.0,63780.0
1783900800,63780.0,64425.0,62741.04,62806.41
1783915200,62806.41,63070.01,62500.76,62985.52
1783929600,62985.53,63302.88,62862.28,62901.99
1783944000,62901.99,62990.04,62101.0,62618.01
1783958400,62618.0,62629.35,61824.97,62288.23
1783972800,62288.23,62347.46,61882.88,62334.52
1783987200,62334.52,62666.66,62272.2,62572.89
1784001600,62572.88,62872.0,62516.93,62560.92
1784016000,62560.92,62923.06,62500.0,62844.99
1784030400,62844.99,64966.43,62780.84,64743.99
1784044800,64744.0,64896.86,64231.77,64569.59
1784059200,64569.59,65100.0,64419.99,65043.98
1784073600,65043.99,65065.01,64488.0,64792.01
1784088000,64792.0,65277.37,64485.0,64549.34
1784102400,64549.33,64917.94,64549.33,64732.15
1784116800,64732.15,65600.0,64606.0,65427.61
1784131200,65427.6,65470.0,64738.49,64977.34
1784145600,64977.34,65055.39,64691.89,64756.28
1784160000,64756.28,64845.5,64392.01,64619.95
1784174400,64619.96,64997.52,64086.12,64238.0
1784188800,64238.0,64380.0,63888.0,64256.53
1784203200,64256.52,64896.0,63838.28,64704.73
1784217600,64704.73,64712.0,63984.09,64271.84
1784232000,64271.85,64276.0,63748.74,63830.2
1784246400,63830.2,64067.69,63380.28,63570.0
1784260800,63570.0,63576.0,62710.0,62828.11
1784275200,62828.11,63361.7,62666.0,63298.01
1784289600,63298.0,63518.0,62537.56,63452.0
1784304000,63452.0,64387.99,63312.01,64160.8
1784318400,64160.8,64216.61,63884.35,63931.67
1784332800,63931.67,64032.6,63886.65,64017.84
1784347200,64017.84,64026.03,63926.39,64002.75
1784361600,64002.75,64097.22,63887.73,64069.89
1784376000,64069.89,64274.47,63963.0,64123.12
1784390400,64123.13,64669.5,64091.48,64552.79
1784404800,64552.8,64865.0,64528.69,64834.22
1784419200,64834.21,64967.25,64620.44,64706.18
1784433600,64706.18,64815.65,64610.89,64711.05
1784448000,64711.04,64743.0,64445.0,64467.64
1784462400,64467.65,64663.04,64285.24,64585.32
1784476800,64585.33,64752.0,64280.0,64462.58
1784491200,64462.58,64900.0,64347.89,64722.54
1784505600,64722.55,65107.99,64416.0,64869.8
1784520000,64869.79,64869.99,63765.83,64280.01
1784534400,64280.01,65068.0,63100.0,65002.01
1784548800,65002.0,65666.8,64077.76,65598.75
1784563200,65598.75,65799.0,65041.05,65142.0
1784577600,65142.0,65445.27,65061.92,65255.51
1784592000,65255.51,65658.78,65148.75,65566.78
1784606400,65566.77,66245.64,65471.69,66186.86
1784620800,66186.86,66420.65,66129.19,66345.59
1784635200,66345.59,66956.15,66255.73,66676.54
1784649600,66676.53,66764.0,66052.63,66444.76
1784664000,66444.76,66576.0,66204.0,66556.16
1784678400,66556.15,66739.89,66176.0,66210.0
1784692800,66209.99,66424.0,65701.0,65843.48
1784707200,65843.48,66164.57,65843.47,66013.36
1784721600,66013.36,66204.98,65553.67,66047.39
1784736000,66047.38,66384.0,65691.93,65923.19
1784750400,65923.19,66138.24,65791.79,66114.49
1784764800,66114.5,66313.14,65585.11,65662.53
1784779200,65662.53,65821.17,65351.02,65442.13
1784793600,65442.12,65792.09,65419.75,65555.21
1784808000,65555.21,65589.41,64728.0,64958.36
1784822400,64958.37,64961.15,64650.0,64846.94
1784836800,64846.93,65235.43,64834.52,65098.97
1784851200,65098.98,65464.35,64762.18,65456.7
1784865600,65456.7,65808.59,65248.0,65499.95
1784880000,65499.94,65508.17,64857.14,65083.43
1784894400,65083.42,65133.99,63739.75,64093.85
1784908800,64093.86,64292.44,63881.46,64225.32
1784923200,64225.32,64288.02,64121.86,64139.99
1784937600,64140.0,64179.03,64006.55,64085.36
1784952000,64085.36,64205.67,63964.57,64003.2
1784966400,64003.2,64113.0,63810.0,64064.01
1784980800,64064.01,64272.0,64043.0,64182.0
1784995200,64182.01,64475.28,64123.0,64388.38
1785009600,64388.39,64430.0,64263.03,64375.0
1785024000,64375.01,64582.0,64350.0,64557.0
1785038400,64557.0,64599.95,64293.81,64370.0
1785052800,64370.0,64573.73,64353.0,64507.35
1785067200,64507.36,64827.0,64414.0,64768.0
1785081600,64768.0,64940.51,64668.91,64695.52
1785096000,64695.52,65577.0,64631.57,65399.99
1785110400,65400.0,65418.81,64892.03,65284.0
1785124800,65284.0,65744.6,65217.16,65221.99
1785139200,65221.99,65432.0,65092.0,65100.79
1785153600,65100.79,65718.0,64418.01,64554.01
1785168000,64554.0,65090.0,64517.78,64984.0
1785182400,64983.99,65056.0,63605.56,63755.86
1785196800,63755.86,63827.49,63059.39,63343.83
1785211200,63343.82,63668.71,63221.26,63505.99
1785225600,63506.0,63593.0,63294.0,63450.0
1785240000,63449.99,64026.62,62742.47,63928.47
1785254400,63928.46,64100.0,63504.0,63904.0
1785268800,63904.0,64073.3,63562.0,63915.0
1785283200,63915.0,64200.0,63658.0,63753.03
1785297600,63753.04,64575.99,63598.0,64561.0
1785312000,64561.01,64744.81,64283.83,64507.54
1785326400,64507.53,64718.87,63886.0,63964.01
1785340800,63964.01,64648.79,63511.0,63589.46
1785355200,63589.46,64131.44,63267.34,63984.28
1785369600,63984.29,64411.76,63603.92,64161.98
1785384000,64161.98,64182.0,63907.85,64026.0
1785398400,64026.0,64885.18,63980.54,64788.0
1785412800,64788.01,65176.6,64607.31,64730.3
1785427200,64730.29,64988.0,64688.0,64800.0
1785441600,64800.0,65086.4,64668.91,64780.02
1785456000,64780.03,65409.56,64172.0,64370.0
1785470400,64370.0,64496.64,63878.11,63950.01
1785484800,63950.01,64011.99,63610.0,63805.51
1785499200,63805.5,63849.19,62466.0,62716.57
1785513600,62716.57,63302.0,62709.01,62972.0
1785528000,62972.0,63062.47,62846.0,62887.88
1785542400,62887.88,63106.55,62887.87,63004.48
1785556800,63004.47,63142.85,62992.82,63050.46
1785571200,63050.45,63150.0,62986.31,63076.0
1785585600,63076.0,63127.07,63007.05,63007.06
1785600000,63007.06,63027.65,62275.0,62529.82
1785614400,62529.81,62866.62,62482.99,62823.64
1785628800,62823.65,63550.0,62806.58,63461.95
1785643200,63461.95,63634.0,63415.26,63506.24
1785657600,63506.23,63530.0,62982.38,63031.99
1785672000,63031.99,63231.67,63010.0,63109.14
1785686400,63109.13,63610.01,63064.01,63456.01
1785700800,63456.0,63796.33,63344.0,63570.0
1785715200,63570.01,63596.0,62786.04,62870.49
1785729600,62870.48,63001.77,62552.04,62621.1
1785744000,62621.1,62863.1,62300.0,62560.01
1785758400,62560.01,63992.71,62445.26,63694.91
1785772800,63694.9,64080.0,63664.0,63869.38
1785787200,63869.38,64023.61,63392.01,63520.0
1785801600,63520.0,63972.0,63322.01,63800.01
1785816000,63800.01,64243.81,63506.78,63685.74
1785830400,63685.73,63950.0,63451.8,63926.0
1785844800,63926.0,64238.0,63615.38,64125.14
1785859200,64125.14,64413.21,63892.0,64233.36
1785873600,64233.35,64549.16,64001.68,64106.56
1785888000,64106.55,64504.0,63950.0,64183.27
1785902400,64183.27,64525.97,63995.89,64163.99
1785916800,64164.0,64280.0,64020.0,64075.28
1785931200,64075.28,64744.0,63880.0,64388.01
1785945600,64388.01,64936.18,64388.0,64840.28
1785960000,64840.27,65025.22,64579.15,64665.23
1785974400,64665.24,64724.38,64439.34,64531.03
1785988800,64531.03,64996.0,64496.27,64809.7
1786003200,64809.7,64999.0,64503.54,64622.09
1786017600,64622.08,64987.26,64172.0,64631.87
1786032000,64631.88,64834.0,64365.0,64446.0
1786046400,64446.01,64536.32,64200.0,64323.61
1786060800,64323.61,64544.0,64230.59,64289.99
1786075200,64289.99,64463.75,64166.0,64319.84
1786089600,64319.84,65213.33,64304.22,65029.98
1786104000,65029.98,65390.99,64788.0,64912.72
1786118400,64912.71,65072.31,64525.0,64960.47
1786132800,64960.46,65102.0,64846.0,64923.19
1786147200,64923.2,65074.18,64784.19,65033.0
1786161600,65033.0,65071.15,64951.34,64960.0
1786176000,64959.99,65050.0,64948.56,64967.35
1786190400,64967.36,65192.54,64924.0,65080.82
1786204800,65080.83,65150.0,65017.39,65075.41
1786219200,65075.4,65100.61,64936.01,64962.6
1786233600,64962.6,65002.0,64730.08,64788.8
1786248000,64788.8,64867.11,64777.0,64826.14
1786262400,64826.15,65000.0,64792.1,64950.0
1786276800,64950.01,65300.0,64914.73,65228.68
1786291200,65228.68,65266.06,65179.72,65180.66
1786305600,65180.66,65474.46,64842.59,64901.59
1786320000,64901.59,65391.14,64826.78,64982.01
1786334400,64982.0,65379.13,64924.0,65202.73
1786348800,65202.72,65328.73,64958.87,65125.98
1786363200,65125.99,65237.8,64203.15,64299.99
1786377600,64299.99,64354.0,63806.27,64045.7
1786392000,64045.7,64215.21,63920.69,63970.01
1786406400,63970.01,64176.0,63895.64,64155.01
1786420800,64155.0,64159.65,63852.0,64065.99
1786435200,64066.0,64400.0,64044.72,64389.57
1786449600,64389.58,64515.43,63451.0,63609.87
1786464000,63609.86,63660.0,63238.0,63536.0
1786478400,63536.0,63768.58,63536.0,63600.0
1786492800,63600.01,63908.01,63534.01,63835.59
1786507200,63835.58,63891.42,63606.15,63837.99
1786521600,63838.0,64249.5,63768.01,64240.04
1786536000,64240.04,64500.0,63316.0,63441.47
1786550400,63441.48,63578.0,63310.34,63421.11
1786564800,63421.11,63661.24,63370.0,63479.99
1786579200,63479.99,63717.31,63380.0,63646.99
1786593600,63647.0,64010.0,63591.56,63865.84
1786608000,63865.84,63915.0,63350.0,63484.3
1786622400,63484.31,63999.0,63420.0,63420.01
1786636800,63420.01,63568.97,62802.27,63407.99
1786651200,63408.0,63640.0,63368.0,63490.86
1786665600,63490.86,63617.45,63301.58,63310.0
1786680000,63310.0,63472.5,62920.0,62920.78
1786694400,62920.78,62997.83,62700.0,62868.83
1786708800,62868.83,63089.18,62535.24,62990.95
1786723200,62990.94,63247.05,62830.0,62968.05
1786737600,62968.06,63066.13,62800.0,63043.56
1786752000,63043.56,63187.98,62992.91,63051.25
1786766400,63051.25,63155.76,63027.89,63075.43
1786780800,63075.43,63085.8,62920.0,63022.01
1786795200,63022.01,63120.09,62946.58,63100.55
1786809600,63100.55,63127.4,63044.37,63126.08
1786824000,63126.07,63175.0,63076.96,63086.01
1786838400,63086.01,63151.59,63012.0,63130.0
1786852800,63130.01,63158.8,63040.0,63061.02
1786867200,63061.03,63079.76,62968.45,63013.66
1786881600,63013.66,63146.4,62997.77,63146.39
1786896000,63146.39,63390.0,63100.89,63108.81
1786910400,63108.8,63140.0,62716.0,62900.0
1786924800,62900.0,63520.0,62751.1,63429.21
1786939200,63429.21,63717.17,63429.21,63514.45
1786953600,63514.45,63781.69,63295.0,63631.1
1786968000,63631.11,64227.27,63444.17,64200.0
1786982400,64200.0,64610.01,63979.3,64309.96
1786996800,64309.95,64578.0,64266.0,64532.1
1787011200,64532.11,64568.46,64047.73,64185.01
1787025600,64185.0,64446.0,64090.0,64198.97
1787040000,64198.97,64402.35,64087.98,64351.19
1787054400,64351.18,65058.81,64027.85,64855.06
1787068800,64855.06,64891.81,64642.36,64643.26
1787083200,64643.27,64780.0,64562.25,64725.42
1787097600,64725.42,64736.27,64278.0,64330.71
1787112000,64330.7,64409.93,64166.0,64296.0
1787126400,64296.01,64539.05,64255.0,64515.63
1787140800,64515.62,69500.0,64474.86,68554.0
1787155200,68554.0,68997.0,67825.03,68429.44
1787169600,68429.44,70000.0,68390.0,69334.79
1787184000,69334.78,69894.5,68902.22,69195.64
1787198400,69195.64,70022.0,69166.0,69816.45
1787212800,69816.45,72490.0,69772.36,71927.07
1787227200,71927.07,72830.0,71132.0,72470.83
1787241600,72470.84,72966.0,72205.88,72690.76
1787256000,72690.76,73400.0,72498.0,73025.15
1787270400,73027.02,75785.82,73027.02,74510.77
1787284800,74510.77,76916.95,74510.77,76308.65
1787299200,76308.66,79500.0,76235.76,76722.32
1787313600,76722.31,77871.33,76243.04,77221.98
1787328000,77221.98,77722.12,76643.72,77028.94
1787342400,77028.94,78760.68,76863.56,78338.03
1787356800,78338.03,78828.15,77683.37,78410.98
1787371200,78410.98,78818.0,76500.0,77289.18
1787385600,77289.18,77445.6,76533.87,77130.02
1787400000,77130.01,77387.99,76880.0,76978.83
1787414400,76978.83,77547.96,76956.36,77418.25
1787428800,77418.26,77467.53,76772.0,77074.93
1787443200,77074.94,77400.0,76837.0,76927.87
1787457600,76927.87,77036.58,75545.67,76007.13
1787472000,76007.12,77400.0,75952.09,77311.02
1787486400,77311.02,77765.8,76802.0,77156.13
1787500800,77156.14,77487.04,77116.0,77346.01
1787515200,77346.0,78052.85,77200.03,77734.0
1787529600,77734.0,77742.0,76883.61,76933.02
1787544000,76933.02,77790.19,76670.01,77307.15
1787558400,77307.14,78600.0,76838.0,78443.65
1787572800,78443.65,80000.0,77851.9,79100.01
1787587200,79100.01,79877.87,78468.61,78758.0
1787601600,78757.99,79049.4,78560.0,78992.75
1787616000,78992.76,81272.62,78715.63,80488.01
1787630400,80488.01,80923.69,79369.17,79705.79
1787644800,79705.79,80249.0,78888.0,79117.99
1787659200,79118.0,79527.09,78120.74,79502.01
1787673600,79502.01,79563.71,78728.35,78925.95
1787688000,78925.96,79000.0,77851.0,78539.14
1787702400,78539.13,79251.6,78312.0,79088.62
1787716800,79088.61,79206.0,78638.0,78925.56
1787731200,78925.57,79119.37,78244.83,78487.26
1787745600,78487.26,78713.79,77632.58,78011.65
1787760000,78011.64,78650.26,77858.0,78475.49
1787774400,78475.49,79174.12,78200.0,79023.75
1787788800,79023.75,79028.49,78546.13,78830.68
1787803200,78830.68,79095.99,78600.0,79082.17
1787817600,79082.18,80520.0,79048.0,79477.67
1787832000,79477.66,80799.91,78920.0,80302.32
1787846400,80302.32,80848.74,79749.7,79910.19
1787860800,79910.19,80432.36,79882.86,80249.58
1787875200,80249.59,81478.87,79723.02,79810.49
1787889600,79810.48,79999.0,79558.11,79660.0
1787904000,79660.0,79840.0,79001.01,79604.13
1787918400,79604.12,79838.73,78312.64,78331.13
1787932800,78331.13,78404.0,76888.0,77580.03
1787947200,77580.03,77846.72,77255.69,77845.87
1787961600,77845.88,77963.92,77507.16,77507.17
1787976000,77507.17,77716.12,77382.37,77626.01
1787990400,77626.01,77754.23,77487.73,77584.67
1788004800,77584.66,78150.0,77506.63,77865.36
1788019200,77865.36,78330.0,77858.29,78182.0
1788033600,78181.99,78298.0,78062.0,78230.0
1788048000,78230.0,78330.0,77994.02,78144.68
1788062400,78144.68,78310.71,77990.0,78118.0
1788076800,78118.0,78242.0,77962.49,78166.0
1788091200,78165.99,78966.76,78165.99,78823.63
1788105600,78823.62,79400.0,78721.98,78856.39
1788120000,78856.39,78931.49,77000.0,77682.0
1788134400,77682.0,78185.89,77392.0,77756.71
1788148800,77756.7,78322.56,77458.83,78196.01
1788163200,78196.01,78802.0,77982.0,78315.43
1788177600,78315.43,78777.9,77675.04,78580.42
1788192000,78580.43,79250.0,78494.0,78898.06
1788206400,78898.06,79172.0,78405.01,78581.29
1788220800,78581.3,78900.01,78189.93,78679.01
1788235200,78679.01,79220.61,78500.0,78632.37
1788249600,78632.37,78658.01,77758.69,78098.97
1788264000,78098.96,78424.0,77510.0,77919.06
1788278400,77919.07,77976.0,76420.0,77312.0
1788292800,77312.0,77638.18,76920.36,77439.0
1788307200,77439.01,77792.0,76718.48,77563.5
1788321600,77563.5,77765.99,77294.56,77473.85
1788336000,77473.86,77546.0,76264.0,76828.76
1788350400,76828.75,77490.0,76611.67,77288.98
1788364800,77288.97,77582.0,76950.56,77341.47
1788379200,77341.48,77520.0,77007.36,77340.01
1788393600,77340.01,77900.0,76968.0,77708.0
1788408000,77708.01,78183.91,77101.01,77663.15
1788422400,77663.14,78066.0,77478.0,77948.39
1788436800,77948.39,81370.33,77896.07,81348.0
1788451200,81348.0,81790.0,80613.52,81755.41
1788465600,81755.41,82300.0,80905.05,81270.37
1788480000,81270.37,81427.75,80669.45,80850.0
1788494400,80850.01,81288.0,80573.21,80656.87
1788508800,80656.86,81423.03,80502.87,81224.86
1788523200,81224.86,81350.0,78660.0,79429.33
1788537600,79429.33,79877.07,79378.19,79793.34
1788552000,79793.35,79862.15,79512.0,79660.77
1788566400,79660.77,79721.57,79472.22,79582.0
1788580800,79581.99,79763.41,79442.0,79709.96
1788595200,79709.96,79735.97,79568.0,79609.28
1788609600,79609.29,79816.0,79545.96,79806.01
1788624000,79806.0,80200.0,79712.86,79754.0
1788638400,79753.99,79947.99,79694.0,79831.75
1788652800,79831.75,80107.99,79829.98,80028.01
1788667200,80028.01,80107.99,79577.0,79805.0
1788681600,79804.68,80020.0,79752.7,79919.17
1788696000,79919.17,80010.0,79233.0,79716.5
1788710400,79716.51,79970.0,79584.73,79829.99
1788724800,79830.0,80559.99,79647.04,80341.83
1788739200,80341.83,80443.99,79568.6,79596.39
1788753600,79596.38,79926.04,79001.1,79397.83
1788768000,79397.83,79550.0,79282.0,79420.16
1788782400,79420.16,79643.5,78680.0,78821.99
1788796800,78822.0,79419.17,78807.69,79365.82
1788811200,79365.81,79394.92,78781.07,79112.01
1788825600,79112.0,79485.0,78725.1,78906.28
1788840000,78906.27,78929.24,78179.98,78482.0
1788854400,78482.0,78994.5,78271.63,78430.01
1788868800,78430.0,78910.88,77620.01,78904.0
1788883200,78904.0,78978.39,78271.49,78446.0
1788897600,78445.99,78662.75,78406.0,78455.8
1788912000,78455.8,78928.65,78455.79,78638.01
1788926400,78638.01,79400.0,78638.0,79277.43
1788940800,79277.44,79760.0,78725.29,79324.75
1788955200,79324.75,79678.84,78060.03,78596.7
1788969600,78596.7,78938.55,78150.0,78234.94
1788984000,78234.94,78340.01,77770.0,78306.43
1788998400,78306.43,78550.0,77952.0,78328.08
1789012800,78328.08,78564.39,77906.48,78112.0
1789027200,78112.0,78229.22,77688.0,77840.8
1789041600,77840.64,77959.2,76676.07,77250.0
1789056000,77250.0,77544.0,76804.99,77160.83
1789070400,77160.83,77347.45,76464.0,76568.72
1789084800,76568.73,77013.62,76563.01,76891.8
1789099200,76891.81,77431.48,76889.23,77230.7
1789113600,77230.7,77500.0,76746.95,77036.12
1789128000,77036.12,79890.0,76046.58,77732.25
1789142400,77732.25,78068.01,76883.0,77286.01
1789156800,77286.0,77504.01,76967.13,77225.7
1789171200,77225.71,77378.37,77207.65,77268.09
1789185600,77268.09,77359.2,77164.06,77269.55
1789200000,77269.54,77400.75,77269.54,77356.04
1789214400,77356.05,77505.67,77255.19,77380.37
1789228800,77380.38,77414.01,77059.75,77114.99
1789243200,77115.0,77300.0,77114.99,77278.73
1789257600,77278.73,77341.37,77162.36,77192.01
1789272000,77192.0,77325.82,77058.42,77127.99
1789286400,77127.99,77182.0,76500.0,76792.32
1789300800,76792.31,77254.45,76560.0,77134.83
1789315200,77134.82,77413.52,77125.66,77284.0
1789329600,77284.01,77450.0,76622.97,76842.01
1789344000,76842.01,77869.82,76388.72,77596.33
1789358400,77596.32,77895.35,77379.41,77892.24
1789372800,77892.24,78374.01,77593.8,77776.0
1789387200,77776.0,78712.29,77481.98,78578.02
1789401600,78578.02,79325.0,78426.17,78982.0
1789416000,78982.01,79600.0,78131.3,78189.21
1789430400,78189.2,78250.46,77750.0,77853.13
1789444800,77685.17,77750.76,76912.42,76912.42
1789459200,76859.13,77179.33,76712.26,76927.0
1789473600,76951.72,77132.75,75613.73,76514.51
1789488000,76518.14,77322.61,74991.85,76141.83
1789502400,76204.83,76238.1,75183.12,75656.53
1789516800,75654.45,76112.91,75471.12,75830.28
1789531200,75823.82,76099.44,75666.28,75771.74
1789545600,75731.69,76287.94,75385.74,76263.55
1789560000,76211.17,76274.04,75469.54,75786.77
1789574400,75759.68,76500.13,75084.31,76078.33
1789588800,76077.11,76399.22,75637.15,76230.11
1789603200,76206.13,76760.01,76064.9,76443.59
1789617600,76443.58,76667.35,76180.47,76442.0
1789632000,76462.35,76773.0,76174.92,76464.82
1789646400,76465.36,77152.05,76047.79,76728.9
1789660800,76780.52,76941.05,76500.0,76667.75
1789675200,76556.51,76732.49,76260.49,76456.41
1789689600,76423.99,77583.69,76313.64,77394.66
1789704000,77384.49,77849.68,77222.98,77792.63
1789718400,77822.01,78481.17,77663.89,78053.68
1789732800,78061.75,81129.92,77971.78,80691.98
1789747200,80758.44,81379.28,80594.49,81207.7
1789761600,81198.38,81372.68,80867.54,80880.22
1789776000,80895.92,81729.34,80842.97,81131.83
1789790400,81134.86,81231.59,80925.47,81132.52
1789804800,81083.78,81526.8,81075.81,81302.38
1789819200,81300.54,81921.0,81200.01,81637.16
1789833600,81614.77,81899.23,81315.74,81353.11
1789848000,81370.0,81429.36,80904.1,81256.72
1789862400,81219.73,81343.12,80134.06,80472.56
1789876800,80479.32,80639.8,80224.76,80312.2
1789891200,80312.88,80579.89,80178.35,80508.92
1789905600,80474.71,80958.34,80361.47,80958.34
1789920000,80900.08,81471.87,80816.66,81163.49
1789934400,81184.53,81332.48,80613.6,81164.57
1789948800,81178.63,82076.56,80896.65,81425.7
1789963200,81422.45,81864.96,81236.74,81708.42
1789977600,81708.71,85273.27,81708.71,84860.94
1789992000,84872.23,86316.64,84807.52,85919.06
