run_utc,as_of_bar_utc,last_close,balance,trades_new,position
2026-09-22T03:58:08+00:00,2026-09-21T20:00:00+00:00,86625.28,101298.6,0,flat
2026-09-22T04:22:37+00:00,2026-09-22T00:00:00+00:00,85710.06,101298.6,0,flat
2026-09-22T09:21:21+00:00,2026-09-22T04:00:00+00:00,85349.51,101298.6,0,flat
2026-09-22T17:02:13+00:00,2026-09-22T12:00:00+00:00,86431.43,101298.6,0,flat
2026-09-22T23:00:34+00:00,2026-09-22T16:00:00+00:00,86258.34,101298.6,0,flat
2026-09-23T00:40:38+00:00,2026-09-22T20:00:00+00:00,86150.48,101298.6,0,flat
2026-09-23T04:51:40+00:00,2026-09-23T00:00:00+00:00,86711.33,101298.6,0,flat
2026-09-23T13:42:12+00:00,2026-09-23T08:00:00+00:00,85665.83,101298.6,0,flat
2026-09-23T19:42:50+00:00,2026-09-23T12:00:00+00:00,83991.01,101298.6,0,flat
2026-09-23T22:59:08+00:00,2026-09-23T16:00:00+00:00,84501.99,101298.6,0,flat
2026-09-24T02:47:44+00:00,2026-09-23T20:00:00+00:00,84414.36,101298.6,0,flat
2026-09-24T09:22:27+00:00,2026-09-24T04:00:00+00:00,84531.47,101298.6,0,flat
2026-09-24T17:18:36+00:00,2026-09-24T12:00:00+00:00,84408.34,101195.72,1,flat
2026-09-24T23:15:16+00:00,2026-09-24T16:00:00+00:00,84378.98,101134.82,1,flat
2026-09-25T05:05:25+00:00,2026-09-25T00:00:00+00:00,84233.55,101134.82,0,flat
2026-09-25T13:55:32+00:00,2026-09-25T08:00:00+00:00,84591.89,101134.82,0,flat
2026-09-25T20:03:14+00:00,2026-09-25T16:00:00+00:00,84012.09,101085.61,1,flat
2026-09-25T23:20:39+00:00,2026-09-25T16:00:00+00:00,84012.09,101085.61,0,flat
2026-09-26T05:08:20+00:00,2026-09-26T00:00:00+00:00,83944.08,101085.61,0,flat
2026-09-26T13:12:16+00:00,2026-09-26T08:00:00+00:00,84178.13,101085.61,0,flat
2026-09-26T19:15:25+00:00,2026-09-26T12:00:00+00:00,84140.99,101085.61,0,flat
2026-09-26T22:58:02+00:00,2026-09-26T16:00:00+00:00,84015.7,101085.61,0,flat
2026-09-27T05:26:02+00:00,2026-09-27T00:00:00+00:00,84414.76,101085.61,0,flat
2026-09-27T14:03:46+00:00,2026-09-27T08:00:00+00:00,84897.53,101080.02,0,open
2026-09-27T19:48:00+00:00,2026-09-27T12:00:00+00:00,84435.89,101080.02,0,open
2026-09-27T23:07:43+00:00,2026-09-27T16:00:00+00:00,84742.47,101057.42,1,flat
2026-09-28T05:33:37+00:00,2026-09-28T00:00:00+00:00,83338.61,101057.42,0,flat
2026-09-28T16:49:07+00:00,2026-09-28T12:00:00+00:00,83380.36,101057.42,0,flat
2026-09-29T00:24:42+00:00,2026-09-28T20:00:00+00:00,83528.39,101057.42,0,flat
2026-09-29T10:45:44+00:00,2026-09-29T04:00:00+00:00,84054.02,101057.42,0,flat
2026-09-29T18:08:13+00:00,2026-09-29T12:00:00+00:00,82996.37,101054.11,0,open
2026-09-29T23:46:40+00:00,2026-09-29T16:00:00+00:00,83590.03,100945.13,1,flat
2026-09-30T05:41:39+00:00,2026-09-30T00:00:00+00:00,83286.26,100945.13,0,flat
2026-09-30T14:59:11+00:00,2026-09-30T08:00:00+00:00,83856.72,100945.13,0,flat
2026-10-01T06:07:19+00:00,2026-10-01T00:00:00+00:00,83738.88,100918.88,1,open
2026-10-01T15:30:44+00:00,2026-10-01T08:00:00+00:00,83933.05,100918.88,0,open
2026-10-01T21:04:59+00:00,2026-10-01T16:00:00+00:00,84665.61,100918.88,0,open
2026-10-02T05:50:07+00:00,2026-10-02T00:00:00+00:00,85523.22,100918.88,0,open
2026-10-02T14:47:35+00:00,2026-10-02T08:00:00+00:00,86442.61,100950.5,0,open
2026-10-02T20:48:30+00:00,2026-10-02T16:00:00+00:00,84340.67,100948.17,1,flat
2026-10-03T05:27:02+00:00,2026-10-03T00:00:00+00:00,84698.47,100948.17,0,flat
2026-10-03T13:29:21+00:00,2026-10-03T08:00:00+00:00,84671.74,100945.57,0,open
2026-10-03T19:17:19+00:00,2026-10-03T12:00:00+00:00,84846.18,100945.57,0,open
2026-10-03T23:09:06+00:00,2026-10-03T16:00:00+00:00,84842.71,100945.57,0,open
2026-10-04T06:02:25+00:00,2026-10-04T00:00:00+00:00,84848.28,100945.57,0,open
2026-10-04T14:08:11+00:00,2026-10-04T08:00:00+00:00,85302.69,100945.57,0,open
2026-10-04T19:42:14+00:00,2026-10-04T12:00:00+00:00,85281.0,100945.57,0,open
2026-10-04T23:17:07+00:00,2026-10-04T16:00:00+00:00,85428.22,100945.57,0,open
2026-10-05T05:52:00+00:00,2026-10-05T00:00:00+00:00,86111.91,100976.6,0,open
2026-10-05T17:13:07+00:00,2026-10-05T12:00:00+00:00,85263.74,100976.6,0,open
2026-10-06T01:20:08+00:00,2026-10-05T20:00:00+00:00,85800.56,100976.6,0,open
2026-10-06T11:21:14+00:00,2026-10-06T04:00:00+00:00,85588.03,100976.6,0,open
2026-10-06T18:28:22+00:00,2026-10-06T12:00:00+00:00,85745.04,100976.6,0,open
2026-10-06T23:52:59+00:00,2026-10-06T16:00:00+00:00,85627.07,100976.6,0,open
2026-10-07T06:09:43+00:00,2026-10-07T00:00:00+00:00,84201.29,100973.57,1,flat
2026-10-07T15:37:54+00:00,2026-10-07T08:00:00+00:00,83726.73,100973.57,0,flat
2026-10-07T21:22:10+00:00,2026-10-07T16:00:00+00:00,83434.93,100973.57,0,flat
2026-10-08T06:16:32+00:00,2026-10-08T00:00:00+00:00,82807.79,100973.57,0,flat
